INSERT INTO forum.users (user_id, username, password, first_name, last_name, email, date_of_registration, is_blocked, is_admin)VALUES (1, 'alex.m', '12345567', 'Alexander', 'Mechkarov', 'alex.m@abv.bg', '2024-01-01', 0, 1);
INSERT INTO forum.users (user_id, username, password, first_name, last_name, email, date_of_registration, is_blocked, is_admin)VALUES (2, 'goshyyy.i', '1234565', 'Georgi', 'Iliev', 'georgi.i@abv.bg', '2024-01-02', 0, 1);
INSERT INTO forum.users (user_id, username, password, first_name, last_name, email, date_of_registration, is_blocked, is_admin)VALUES (3, 'svetlio.d', '3215324', 'Svetoslav', 'Dimitrov', 'svetlio.d@abv.bg', '2024-01-03', 0, 1);
INSERT INTO forum.users (user_id, username, password, first_name, last_name, email, date_of_registration, is_blocked, is_admin)VALUES (4, 'peshoyy', '5341243', 'Petur', 'Petrov', 'petar.p@abv.bg', '2024-01-06', 0, 0);
INSERT INTO forum.users (user_id, username, password, first_name, last_name, email, date_of_registration, is_blocked, is_admin)VALUES (5, 'peshkataWe', '45454', 'Petar', 'Ivanov', 'petar.i@abv.bg', '2024-01-06', 0, 0);
INSERT INTO forum.users (user_id, username, password, first_name, last_name, email, date_of_registration, is_blocked, is_admin)VALUES (6, 'toshokukata', '5464351', 'Todor', 'Kukov', 'tosho.k@abv.bg', '2024-01-08', 0, 0);
INSERT INTO forum.users (user_id, username, password, first_name, last_name, email, date_of_registration, is_blocked, is_admin)VALUES (7, 'qbadabadu', '2343254', 'Fred', 'Flinstone', 'fred.f@abv.bg', '2024-01-10', 0, 0);
INSERT INTO forum.users (user_id, username, password, first_name, last_name, email, date_of_registration, is_blocked, is_admin)VALUES (8, 'kakvoerekursiq', '876554', 'Stamat', 'Stamatov', 'stamat.s@abv.bg', '2024-01-12', 0, 0);
INSERT INTO forum.users (user_id, username, password, first_name, last_name, email, date_of_registration, is_blocked, is_admin)VALUES (9, 'neznambrat', '565325', 'Sandokan', 'Petkanov', 'sandokan.p@abv.bg', '2024-01-20', 0, 0);
INSERT INTO forum.users (user_id, username, password, first_name, last_name, email, date_of_registration, is_blocked, is_admin)VALUES (10, 'tisiznaesh', '324542', 'Petkan', 'Sandokanov', 'petkan.s@abv.bg', '2024-01-20', 0, 0);

INSERT INTO forum.user_profile_photo (user_id, profile_photo) VALUES (1, 0xFFD8FFE000104A46494600010101004800480000FFDB00430006040506050406060506070706080A100A0A09090A140E0F0C1017141818171416161A1D251F1A1B231C1616202C20232627292A29191F2D302D283025282928FFDB0043010707070A080A130A0A13281A161A2828282828282828282828282828282828282828282828282828282828282828282828282828282828282828282828282828FFC2001108017901F403012200021101031101FFC4001B00010002030101000000000000000000000004050203060107FFC4001801010101010100000000000000000000000001020304FFDA000C03010002100310000001FAA00000000000000000C393B9EA78DE260FA384F8077E5B37C41672E852F77D6FC5FDE7BFBD7BF2CFA179FBD88C6C000000000000000000000000000000000787BCCD1F19DF858D64ECFD1C6B75D8D7581600000B0AF4BF7195F29FAAF8BD790C6C000000000000000000000000000000070B7DF26EDC7D9C7AB804BAEB6D2AEC0B90000007D1BE73B71BFBBAB2CBC3EBF4280000000000000000000000001CE5248E4BD1C3EB7235ECF3F679EF3D67CFE3459DEEF280079556D53605C80000001D47D53E0DF71F27A640E3D80000000000000000000000000727D66373C975FF002CFA6EF3BBE4FF0049F8C6F13361E8E4000AAB5ABB311720000000AFAC7C9FBDE3D3BF1E4F50000000000000000000000000005173DDEFCD3AF2E8BE71F46F9B75E73875C0002B2CEB6CD62E40000000749CDCDCEBEDE8DC4F8BD5DFBE47EF4C7D6DC2771CBA66268030CC0000000000000000001819D75893E65CDF65CC7AFCC6ADBD32000AEB1AFB348B900000001EF9B2591D6729E637F47F9C6ABD5A7ED6F3E758D7D91867E5F4619C19A429B5369666D78CBB800000000000000008BBE1558088FF001AFB6FCE3B71E4A744DFEAE1B04A02B6756DC85800000003DF0BD16BED7770F47C9F7FD0790DF2BDE6F1C5AFAE4FF8AF6DC3A74532BA563A689F0641979AB744BD7B2BF36C0F0F4000000003CC751200210F31F7536CAAF932EEF97FD37E41D796CAF9DABBE4D1BF7C87910E3658DC8580000A374697BD6AF25B7B4E625FA3D7CAA7E1E8B0A0EAB92B9AB97F47E4A5A481BA4F4959D950C14FA96CF90F4DCF5DA6EC3573E9695F26345AC5915F9B63EE9DD06ADA000003C34EBC31D4B0C23612FB81A9EE5AF61AB36255FCA7EB1F27F479F774FC95C75E7A364AA62C2222032B31743D0637F3E93F4F958DFCDEC7B2E409B614B6D35EF13D344D6393EC61C3D6729D07AB9A8B2EBFA2E7D39CBFE4BA5CE6C346AB5E7BF798E822D705B3E9143D27330B7FBB40FA47052D9FA2E13A070ED3E06DD71628D966F936B2CC08006B3385E79A658E580F7CC93CF37626ADB87B4C36603E6BF4AC779F8B7BF478DDB872B1246DDE6B3B2E5A4CBDB71BD765CFAFCEA5DBC1E9CA4F4B4B033ADB27CDBACEBAFB410355A08CC6B6CF3ADE7B3CDEE2B235773EDD1574DD98906C7CAE8B2B0E76DE587934D97D4B9E735C3C6ECF90EFCBEC955730FCDE88FBA4C3AC32D126A3DC55D96598CD8D8CBC48986ED1A9EE3EFB4799AE07899E7A762EE8FE67278CB03DF3C50F0F1B702AFE6BF5EAAE9CF809743BBD1E7B9D95F35646CD79CBEBCD66D42865BD5C2CAC9361BAB8DF867A8C7A4A1C71AEC20CCB4F3F6A9F33896498563A1225C41D46F930BAD9AE7A8A2F65BC5BEFD3BB877409E2AEC7CD95AF610000D3BA388F602BD263EA7986CF2BDF3CCA3CF70CEBC7989B366BF23CF77FAB1B2CF5987CBFB5F9D7A386D9076E48D24556F6866635CB5C3692B1C8637745E9611ECF54B48C3B893909969D173E91EEBE7D1B37A3F34C8E3EDB285690B7E4DBD269A6CEBE79F64F9C7D2B79F3DD0E5D7CCB7000000047911C911654026EB646BD78C8A8695AECD6C7DAF7CF518E58F3BA9D23E57B77CFEA7EC09BCBAF29C4F71C2FABCD286F2045872E25CBDF1648DD052DA6555B0B1C63EF5D777571A59FD273D579BF69E13B993E4F4526FE43E8167CDAA7EC75FA945D4FCFB9CD67ECFF002FACB5AEB7A18BBB875DA8594D4B000000023C88E488FBE21BF2784793A73AC6447DD1E47DD9909374555FCE7BEE7BB70EEA25B7BC7AFC6BEADC4DB76E5B3E73F4CF996F33075C011224A8B72160003D4D975E767365AAD36545575379166DFF006FF2966FDE73F94FD4FCBE88CD2BAF77C6C49B9556B25ED8328B1CABE4E6EF10000023C88E48813F51E64116461BEB4EDD5BA214A8D22B3AEA8E0FA73FA5FCC6D22F5E5F5BA2E22C39ED59D9F1FBC773F2BFA9FCAED9E3AF30216A9775650E37BACA5DD3B499C9AFD65DC1A8D648C35102C000CBEC5F1CEAF975EF614189C7D13A249ACD2CE3C49245DD36196F7BC374B8B3E556D8F3B9346F800068DF899419B06A5B1CE236E8D22BCDDA77469DB0E4D7C7BEBBF21FB1F5E1B39FE839DE7D78AC6FF8FF004F9E35FC9E62E7DD7A7674CD909A02068DDA6E42C000000000026A4EBCEFAFD33A171F4D956D9564B9D857D91572E22C59D5DDCBD2638E9F3EB295E7A00000C72183311B7E423EFD1B88DBB4C8AE3792FB054F4E5C840ECF0D6782D71E177E3655A6A33C156CD394BB1133236AF7CB04888EEBA5635C3BE85373AF983EBF3F3AF8C597D7BCCDF8579337FA78562C75909B35D8ED34EDE7DAE6BE741E5DECB46FF65DF06D34A7B066CE8A7BAB062E8DD96DC587321CCA08000000035E597841911B66A4887A780D67BDE1B9997DF841C6DEABAF3C45805A650A7CD37FB8CB43ED9FD531785FA1CAF7CBE80CECD512A768A1AEDCEA31E574EB3C5DBD6CCF4F96620CA5CA9EE6EE55A4589C7D1EF8B15CBD872A591021EDB37689B5C74B957C1CADEE786BA8E9F0C9CB55A9ED4D8639B923EF3D47DA63B3C82583CF4F35E751526154E5D734955ABADEDC797D53AA75CE5C79D8551BDF35813977DCD56ECEB6D77413F3BE37ED7F1BFB270DFA38F6100D749328BB4DB332ABD49347D3F3BACF3967A2D77C2AF5EDE8562DB65A71DB4CC9D8E35AA2CBF570CEB24A48852A42E1E557B64AB1A49867863631D0ECD7B386800308363891338B1772D746A92576DF6AF4DF024C9D4850AE6B0E4BDBFE57B7097273896612E06173134753B25E4FB1ACD1177D57050B3BE979BEABB6C5A3BB91038F5B051E0B794D5D5BB586ED7B748512FE12405949AE1647458EB9F23D948DB2D66FF756773F1A6B436C19BA55AA04AB37CDA9B18A997BA1579EA51712B44CE576F99E18BB440501E429C39483DBC6E938DC3ABD5B9CECDBB959B47A2DA2D45AFBF87673159D94ED62BEF26E1C77EEE678D68ACBCD3657D9D6FB65A216735BA368CECDF57BEAB4F70D3E7448C624D8CB0CAAD24D8C75B8E995E46ADFA5657EE9D81AECA9E6CBAB7566FB344BB4AC8931E3D818C1D52AB2B7ACE8B36479BA171B2B3D1BC000000011A4889ECAD66BDBE6465E7A35E7E800003C853873307B38FD271DAFA98BA951B6D762D2C8B4ABB30ACB29A4587D5EDC5E4ED66FB5A2BECF6C50E3D07B5CF6EB5F2AAA15B4A4A09379A65A2B89D322269B1C30ADF6D951B5CDF335E80000000000000000000000000003CF479E8011BD90216EDE20ECC6654398400000000000001FFFC4002F100002020103010703040301010000000001020304000511121310142021223132063033234043501541422435FFDA0008010100010502FDC48EB1ADCD75572C5B9EC1C0CC30589862DFB4B89AB5C5CAFAF9CAB76BD9FED09005ED6A28B2CDA9ACB7D81E4696B13C194ED456E3FEC2FEAD0D6377509EDE04638CA57EDD2B2F527AF325887FAED6355DF113962A81D92FC3EDE8B7BBACC3CFFADD7751E391A6FE07F87DCD02F7513FABD5AE774AC3791FC0DF1FB913B45250B2B6AB7F49AD5B7AB026B534790C9D58BB756B5DEAE22F11E03EDF7740B5D1B7FD26B90589679A4E4C9B71ECD6ECF77A508DDBF66A78B40FD587FA4D7EA75EBFD3F6FAD0766BB67AF7631B2FED34093A9A77F4872D23697AA44EB2C7766E8554F53F8CFBFDDFA5E4FE9B56A9DEEAFD3B6F6CFA8DB6D3A0FB0DF2FBBA049C351FE9B5AAED4EE5D617F4584FABC6FF003FBB4E4E95B9A54863B5AF79B6AF70E0D62E0CA3AE7260771E02763FBBBB5C5AAFA34E6BD99A33059F1C9F3FBD24F34F94F4A8C2BAD7AF1DA97AD3F769BA5F4EDC2DDA4EC7266FD4FDCEE09ECFA8AA6C6F3F78C8CEEBE297E7F750ECF6B6E51599A2124B24B9A35559A49143C7A6374B5363B764C7D58DEA75F8B9D9623BA7ED93973EC9A35963B70B559A13B3789CEEDF7B4DABDEE4B9A6C90764333C2F5B575394D87F909581C1E60FAE4DF68D3DE23BA4E7D35CF9603EAFD9B7B2AF16EDFA95A36B0D048811B90F048765FBF46358EA3CD1A49674F827CBBA7BD55822055EB91905A9EB1A7ADC6C91B064F368FD92B9C9CFAE1EC46FD6FBC0EFE127A8C06E626EDD614C3AB5995919874A5F04C7CFEEED9C7F4E01B40A6A5C34EB089B5667B36FA8632A4363286C7AF914D3566A3AD2634C936427673EA743FAD21D9231BB64CDB0FB6DF18B7DBB5DB990701D98F9E46FCB18855D4EE9B93D690B4462778A26DC761F63E67ED08DC8CD3EB5295B5664AF57A7CA4B12F48708AD062B5ABE913AC761D2B5E8AD688C98CD240EAC1B08071EBE234B5DEA6B1B18DE29507BCE7D23C907B4E7D711DD310F21F624F35886C709030932612387B60FC9FE8FAB35798AE9D91BF0753C8585E94A3CFB257F12412BE269969B1346931347886269D5972C4D5A90B7724B2D94A35D3E1DDAD4FA4275AE5B67B029273CD766D9345E80A52E9C9CFBD59AD80D6BD15BD0C649D7ACC8EAF846F925707209E5A92D59D6C4241647F2C88FE9FC9E33B890EC95CFD827603D440DE3E4CC3619B9DBFD9CFE4ECD550CD43B294996D93A68FC71E4F2EC0373069534990E93026475E28FB24758D25D52691A1D59D5AC58696BD5D2FCE5D278B09AAD3CE12D992CB6C214EE344B579258A35863A92476757D5A28DDE496DE9E95AEC16727D3E295BAB72A6453D6BA96F438DF268ACD42922BE4E9C974498A5A894AAB9DDA36D913DEB9CB07CA13B3F8D8F3C0710FA3FDB798F6C1D9ECBEEB9B66AB45ABBE03B18624E13F1664D8B41A540CABA7D651AA565AF3AC8E982E581913EA33A5289ABC572C35E991422B28606AEC795D186092431C291E4D288D62EB2BD3D4D2632448EFABCFD2A9A3D781B4EA75A569AC5BEB5AD5D61785FBDD08EB6A304F9DDD2FEA1DE2D54B305CAF686A1A347204660F58F0BAFF000C8BE7280A223B3CE7771E47C2CC17092F8DE78A7D4BF8B7F3F6238C81948CF6CF570F329B79AF982030B1A4577C4D0E2DE781AACE8B25D92DD77AB353B52D5C8B53ACEB2DAA522CB169C73A74815D4628227EF168C68117C334C230B0BCF904A77B10F31A55DEA0B2E96B56D56BC402493E990E93D29E186A192E5DB723BEA6D5DE8C75ACE9F06976E233CB0A6A1A88362A5CFA8AAFA74F4335FC911462A05C9CFAF1D09223638BE431A4D8F570B39CD80ED1F31ED8336DCF32B9BA38FF005B903DB08CDFD3FF0058CA09540B97AAA5B8258E5A9327424CEED1E7778B0431E0551E2240125924AC3C16291645B117505797965A8F6CD02AC72567D35A296ED9795B558A0E8442D6990E9324561FB989F51D42CD80B725AA74EAF46CD3834AE565FEA19BA743E9A87F5048A4F64919DC46C7146CA8BC47691B831FA88F33EDED8307CFDB36F560C3E79FF20FA07A71FB00F219ED21F2CFFAD423824AF271E71CB22E0B6C312C46D8181ED2EA31ACC631AD31C2AEE626E8480EE2584AB4330932CC78B22C90E99A9352142DA3AF541ACFA726F7EC4E63D416A1A35A2B9A7C3A6588ACDB9E9C76752B525D0228C4517D473752E68D07474F11A8F022F11E363EA318DD811D9FEF3FE73E40E7FAFF0081EE0F1C31EE1BCB3DBB3DB0F92EA571ADCE91EDDAF1F628E59D3CE90C11AF6B0E42BCBD36C9A00F8B2BC4F69383C75CBD5EE53F42BEA934621B556EBED29B1A8454A29ECDCB0F527EE4DA7D2AD72A41A69372CBB0458C1BBA881B0EC9139646BC47D86FCBD8D1838DB104AE6FBE1187CF060F92FC7FE47BAEE3048AD8D1EE0AF90F31AD48D1508479F8261B362CB8083E175E42299A2208612C624594B05FA7E15934F8DE7D1A77AB4F528EE68F621CA9A9D9AA649A9EA99434EB55AD5AD2E09B276D4121AD12C10EBD374B4FFA6A1E563244E791A70FB6DF97124F207701411B2E1E40FF00D1F6C4C5F8EFE7FEBFD9F31B6D83A98B9F52372AB07C7C13FB76890E0946020F691B846681A37122DE4DD7E9AB1E52C692A59A53E9D269B7D2EC76E8C1685CD1268F2B5DB549A9EB504B8AC1867D41684D634383A343EEB7E5C1B32C63644F880008CEEA762C50EE70E7FDFBF66A3A92D62F7EDCA61D4ECC4DA75E8EE47C7D7AF81FE3E0F6F04FE30EC304B8181ECF544DD78DE1AD3BD69ABCAB3C39A945FE3AF29E4B966AC3656DE84EB9FF00AE933EA36E45D2B4A79A49BC963F8736668DC93F69BF2E18FCA31B227C523C51C47F36100E18FCDB7D8E5E7E854D3AA9BD6E0823812ED186DA40EFA7DF8FD675D8F8E9907867FB49267267C8AA65DD8355D5A7AD00D7ACE6A3A935D4A9AAD475077185CF356DDCAA89616DF27F845F05DF945E52EFF69BF2E2487653C827C4C9E511DD7F98F90560C0FB7FA00479AEFAB4BFA61809BB3EA5ADB49F4FDAEA54D60F534B83DFC13FBFD88EB3B625645C000C79D13267EA49E0D27526AD2020E13B4ABE99598193A9C4B4A484B1E849977898727F3921FC7F61BF2E06DD63F827C46C044774FE66F6E3BC63F1FF00CB32C69258A72C15A534EEAB065B7AB57AF934B7B534D124E9EA1A87AB4C87E5E09BE4A8CD9DDE5CE8499D19316B487169E0AD18C0889935A030CD21C3239F1AFC97F1B36D24F2F110166C797948F2AECA4777C49193209F9647B7132FD86FCB85010838AA7C563DB07967F31F30C8420FC7ABEA5DD52282D5E7FF0009732CE9962BC34859BF9A9694B52ABEA08349D06132EA1AACB157A30FCFC1E5DE39A0C33C630DA8F0DC5C370E77B7C366438CECDF6EBEABEB819A59267E7249E8ADD91425F3A099246D1E03B1A72F2C2307B3BF13E16FCB8AC5429E4A9F1EA6E22DF87F31F20B202ADF19395CD42089608B35EFFE52578BBB4BA9DAE9C71C920D3F525A50589E4B1245F3F04BF3FD8D683AE6D406BCBA7EE9A6E5AF8628DDACB71ECEB1E9E52C3E588C1B26F7F0EDE780FA63DB827C410043E69FCCDEDB068F6FD3F3A9A8C6E244CD7FFF0097A7E935A7A779625B495B5035EC0459323F9F825F9FEC74F9D607BD32CF3B8E9D5C7F5D5C5DF7957AC9DB497D2AC1F2BFD92370A3884F8AC7B60F2CFE6C68FD23F1EB5A719F2A6A1629E7F9F972EEACF6EB9D467EEB40C31C972E4B6DFB17E5E093E7F6522924C4D32DBE1F23E2A118152E7CB20F3823883285E00C86399A35994D77191D63BA828D0FCD178E464F3FB9FCCDECB27A0FC47B5982BCE134AA6546954FA96F8779F0C70BBA1808C236C0B36DDB0C324EF1E856180FA7DF17E9F4C4D0AA8C4D2A9A62D78220A410ADCB2C6CD6FBA3E1A8F86B498C8CBD95C46DA4E95BB456FF002656FC55FCE32463CAA112D28C8E657C4E38C9B944E3D91FE5FB9C7D6DEDB864DC2A7BAF92A58BF0564B7ACCB231DFC55634915A28D323925C91E4E1D9A768EF364104702780E348B91C8157A81510FEA095CE729B39CB865F29B872D2A13DC3D15C13C8E1FD3ABF86066C723BBC70338F346AB36E26B3C712DF9C6FCBB1BE259BEECB8E0F1B13F75A977557951473631703C3982389F041C7975624C1248F92248534DAC2D5BAD4ABD61E090EC9D4E3935AF3699CE736CB565D2AD71BBB796298B3771827DB2B55452F3B376C51051349D46B7ED918DDED3F9E555211A2937CA72E0ECE2BE373B01E7E00E0E4DB6F25A03359BA5D61ABC6BDF8562903FAC29E364725F0514F5100E3431648C8B94A4305CF0F2CB32E471B487A0992C463CD40ED5EB4324EFDC6D8C68A78F0490E50AD14B2D87E4F8910658A2E18ECD338815419A3DB8452610D13B2A4F81228B2498B14939C56C7AAAFE58FE1DA46F9CB89C424B6E01388FC0F61F667E22598B95AFE5AA2F1B93711A3E9FF00FA6B005A32DFA922ECDDA95C982094475E28ECDC2BA3E343568474D1ADEA3E073EAB52F10072699BA4991F9D6B8BCA0D3389B36E8D88043A8D88F21B356F6411255AED1ED1AA8C87731D9259895AEACC58D6F94AA5A575EA43DB55B69260C65AF17009F1F030E437688C4C39C9F924620C8BC97ADD33DEC63D9E59B3CB95D38991CB9D497D708B1720A01EBEA3753A1A9C838E30EAC12F9B60F7D428FF00E7D3B4D1B33246B6F5655C44B37E6A1A78A512481BB5980CB338189EA8CA056B5F9739B7144673A8D2681EB6ACE8293561322ACCB3C9CCF02F5FCA3024DD946D2468667E500C9A30A2A79B43B05F7615DF1D0A187F285F2FE08FE05F63E02371246573ADC4F543E0954093836357526284A8E27754C6AEE32681A48C19A95892FC533EA36D2CCB2CDD5C26C471E955239F27D1A7EA4FA55A863AFA84F023EAB61B123B575A9E8590C490A64B1E198C786E0C92D6F84926B1FD274664640EBD38462087937C60F560A95498E2862C902B0E50263D86384EF9F18AD1DA26F455C327E8C2C55E42228A2DA389A5762F2338A89EA5F8C6378879029BB78A5841C96B6C5BA899C9BB03BE224AD9C922C7B3904ACED738CF9FE297A71E9F2492D1D356A6045E53FC13E0548C7AF56668E8544C0001D9C862392CF10392D55C35D067080675624C12492B49E79DD8632185D9B8BCCA6368E621FA8BBCAC3A7888CF8B5DC9F4B8B67D5B756B6C774AEC70347165BF9AFEAD7313E2576391A8CE0B85B8953C87D8201C308C6AA0E35655C8E219D34C9A25CEE80E475B8196B799824DAB57D8BA6E814F275E400D863A06C2190F5CAE09F3ACB8ADE7CD46496B6C7B44E20336401488E33217710AA9E9D7277331FD0AEDCD7918B0C08F9DD9B3BB36741171E700195CE423A684F23073E6E582BF59B044F93A1688120F787C4124B9047C4649F387E1F6E7F8C3F2FE79FE09F1ECE23EC1C9200724ADB6375933AAF8589C8A2E62B7A65ABF28222992CC14628EAD7E8498B59F208028E1CC356073A0F9D0933BB1C5ACB9D28E2334BD431C0CD8D22C4165958C2AE71E350817916AA0E2D5DB1220B92FB8F6FBFC7D4EBC801B0FBAD129C7ADBE1A6316BF10B5B663115C9207622AE475062420674971B65963F64F3108DD601E730F3E3C9DE16CEE7B98EAED86039DD062C00601B611B85400FF005EC9EB44DB046CB91270107BCCBBE28FD4FEF21F7FDA7FFFC4002711000103030402020301010000000000000100021103213110122040304113512232615071FFDA0008010301013F01F1920653AACE14CE9B8A1548CA6BC1ECBAA7A08DF28F106131DB875EA3E2C353C9AEDA5033D3738CE84C095337D4F3A47D74C894C3E8AAA7D703CE9987751E20EE0AA66781E6D30651700BE508381E89129D6B703E0163744EF30146C3D2AA2D286A7C1B045D161175F91BA15273D1AA6C8529617CF840945B0513E93BE95C2FC5CA1CDC2153EFCF5B2815844E8184A14BED16B5B9436A70250B26893280F685CEED08FB5046159D9425A63CCE6EE0BE3728F49B63744348B2823DA9859B9D7FE269845C22DACE99CA7663A2F64DD4F0952B0BFA9A4037500E1617F0E802177F46ABBD73054268930837E9079167214E8BE9CB5D75175812A90F7E62632BE50819B8553F6E32A74C26983288942F628D3F616F73728BB7D820204799F7741503099F89DAAA7EDA9E308A0F210A84194D76EE839F1609C5C6EB7922CBD85573AC281A594F1A6E853C078E9A76110405FADC7962C8701E3733D845AF525133CBE372F8DC8515F0A8D5823A0E7808D4254716B0B93581BACA26DA86EE4045B903E19593747EC6B1282D87DAA5A9D1D84048400384D11D170832AC0469B0E50B58A0E02C02DAE765011A4F0D9F49AD8F34691A10BE308003422500074074E35851A428D23FC8FFC4002711000202000602020301010100000000000001021103101220213130411351324061225271FFDA0008010201013F01F1A8B7D11C1AEC4A8A34A25829F44B0DC7F670F0AF962A5D6E6AC9C34BFD7C2C3BE5E6B74E3A90D571FA708C5C79C92B74254A966B7E3C69DFE9A74ECC45ED1831F7B16FC6571FD483B5A5983D56C5BE4AD50A0E5D1F0B25171EFF0046E883BE56C5E0ABE84B4AB637AE2F2A1AF2ACB05F35B17835F2292652E8961574319E84BC55934602763953AF0B74276ACFE8BEC534FBC9D4BB1E1F1C6497025CEFFE15B307A1EC7348F90D527D1FEBD8A90F924E951FC25FF3926D7429FD9FF8495AB10915C92D896779C64E2CF9517EC7CAE04DA7C969FA2ACEB635655765FD1EC6BEF25C7445DC6C8BA13B67B259ADB5B613AE32E73A2B39A6D7072BB3F87F51FC6499F8E1E49D0DDEDB13DD796147DF8672D2AC735ECF8D3FC58E528BFF00484CFC9D18AF9AF1745E6937D1F131F1C330BF1CD65456738EA54293892E3942C5F5234465F8B23050E58F9E4ADEB6745907516CD4FB27FEA3A8C1EBC1621E1C58F093544E0E2CA28D23456E5B19085F2C828AE2CF8D274C8FE2ECC1EB3BCF92B6E246C51167388F6AC9E78BE887E445A6CE25C3F2FBC9672EBC709FA62961AF452A12ADDF2C4F9A23C75E8F9D965E5276859DB439963F0C20D91C24B74F174F04A6E59256281A336E8EF3ACA95928E56B6564958A3F674B816763357D18FDE4959159446C6EBB1BB2F650D1EB62669BE8A68A4CE8427685DE5AD7B1BBE50E37CB63C451E8BD4F9343230AC932CD4BD8E5795655B1BDA9D0A7F66A43989A148D7439D9626536532849F868BCE4E85CF82F7A7429FD9A9168BB2D2358E45D1AB9A351A91A90E7F4266A65FEBD967B1F8BFFC4003D100001020305050506050402030100000001000203112110122231410432516171132030819123334252A1B11440506272244382D153923463A2C1FFDA0008010100063F02FCC5E7B834712AEECADBC7E6392F6B109E56509548B13FECA91DFEABDECFA85FD442F362F651013C35FD5267245BB3FB47F1D14E33C9E5E0D106C5F6ACE79ABD09D3E2351FA896B7DA44E01633267CAD592AF862233CC714D890CE13FA7981B29A7C4F0ABE3DC79F64FF00A7E9C767826BF19E0A672EE1F17F0F14E26EEF31FA64C7BC751AA6EEA7BA7C56BD864E6A6C419EA381FD159D91F68E7482FEA604C716A6BC022F09D7B8E2371B85BDE3E37664E0894F3FD1613E1C3BF0D8344C8711AE878B14D0BB95AE96FBF0853FCA070CC5531E3E213FD17B560C70FECBB179C70FED6968DD8787F2CC1F261FD183E1FBB351D135ECAB5D55122700ABD7C03E34687D1DFA31037DB56A3B2C4EAD52F99E023E01F19A3E612FD1DBB4C1A0719F9A3119FCBA4BC13E3427F07057E23835AA5B333FC9CBDECBA05EF3E88336A007EE0A9DD1CFF38E84ED72E49FB247DD7D25CD3D87E132F00F8ED6C488E74A82650747C6780C95E2C635A39273C090D02ED7B33738A3B3443955B68E760E5F9D1B543E8E4C8FF11127F5FCB0540A50E23805ED1EE77528BDF50CD139872224A0FF003BA858395A1143F2F595AE63EAD344F82ED14B8FE59EF8BB828AF331B2CBD0DD22A51DB74F10A139C643B49CCA6C8DBD14F85A45847E52AA64E5DC86C68F6A054ABC47E5A186F09A0C7BC071E2A72BAFE215F2E6B99929B961AAC0E3FC4ABB1C5C771D1173482392A23CD1164BCECEBE3D3BBFB4288AEBB3B6FBB75D508068A15C8F765E3CF9C943FE28EEBCE5229EE6BAF34D1B59C8266CF045E234572330B4854550B02C0E2DE4837696DDFDC1030DC1CDE56755F446D1E251544BB975B92A68A22FDD985239A24E414FFB637422DF88648DFCC64A5C3C79869971B2579CF78AC8D176509A1A5FC382810754D6B597DCEA06A308C2EC63B4526A7F0B0289B4C76BE4697C0A3554322378ABDB23FF00C5CAE6D0C2D2A85556053692D287E21BFE4D5DAC17DE160E7DC1E1C954E7655528D521915FC53FA2E61033AA8A327190B038298578646D90EF6086E3E4BDDCBA958E2347458DEF2BDDCFAADC6DFF0094058E8DF945863ED147BB75A8C78B927C639353AE412E6B1DBCD762053233A2BA268262524C8033754A6C386E0E766F1CD769B3B9D02271665E8BFAB857D9FF00243FF4BE08AD57B647DD3F2B95DDA2190A855561A29B29C47141ED408D10082EB61447825C7C902330B0C829B8CD7D9720A53A95D42AF4288F45106749DB70F922D71AD986D9053716B47AAC7379E6B04368F2B0BDE64D0A5B3330F12A5B4C3F30BFA121EF265D15FDACDF77045DDB35B0F9AFE9876D17E62AFED04A10A1E668861BCFD4712AF88917678DAB78ABA3215995DAC7786B06ECD41109A06D311D85CDFBABD148DA200F8B2705263F17CAEA157D938517E66517B667E2217CECDEF45205AFE2D2AF6CCEECCF03929478665C551730BB3D222AA29EA7C11080F07F605D50531E614DA2735D2C254CF4B01955112A2ED18DF64EFA5945DA4472BCC1850BC64DE283FB573C1E0A5D903D54A1837089AC2F70E857BE7FAABD0DCE737C93A2ED5126F3C4E4AE32909AA4D52709A9C2796952118FAA9C68A4AA05CD08ED1339A0C8A2E3D31CE156998440DE7D106BAE44BD57289B46C4E018C3761B5F5054181B5B7B10C337EA0F04CB8D6BA3443761B82BDDA0DA20B730FCC294EE3FE57D14578C0C8784399425C840FF00CA12BDFB804593C5AB1F9A2FD9703F86851851449E28A191A3D1B69AA1E0554DD46A002FA2F340FAA9B3D2C321C97D6C99D14B8A9F045A04DA739A9C39B0F258A2B8A2C8CC240FAA6C384C937EC8C37F91E2A6CC50F56A997DD3C0ABB11EC705863B9BD2AAB1E23BA35767B2C23FE4A71DD26F0526F7BF77045EF32E0BB389BC14DBBCBB18DEF07D531911C0426995530ECD823C53745C329ABB16108901BF1B1457C42C7C48AE9BDA74E4A2C4D89DD9B6119327504EAA1ECDB63043178188E15042BC1AC884E1872E2AF4288D7B009B98FF00F6A2C5DA0DC8D172BDC13BFE28225786AE50767117B6644D1D9B421B4B37851CA08E2E9D9392A5B31AAC901664551A57CAB89427E689F442B92772288F30815C0F158879D848A0D135CB089AC67C82A0E525C821EA9E1CD07545AD6C81AA911886455D7893BEEAA2E9592DD5B81500EF54ABB04578A3122E2767254F454DE0AE3F7C2ED59470512245687DF32AA6C5D8DF22CC98FA850606D708C06174DEEF84A116101DB1A30B0AC4D6C6802A4B68428F15EE698B10EE1D1AA27E10F62D83AE62F21B2ED4D02F6F446570A738064460126841D02309E6F63F24FDB2289176168E015CD621928B1CE4DA0EE4C592EF4C20085D5745CCA7735964A5C5032CA8A41528DD51414BE152E2BA514B8A2755D42E8BAAFEA681BAA3D9CCB749AC24AC4C59CBAAA116D5C1673E8BD9B54E215FB4D97E0E7C148D1DC1768CDE0A64CB445976F43266A21645BCF3930E6A7B5333A4A4A1C5D8E2764EDE6B5D56A6C0DAA1766D7385E88DA892ED5A1A481286E6F153176330E2737221468D11C0447E1631DF2A2CD9FD976626E737E643648971CE8D4111BC1358CA0689210F4861430455D88ACBC4034284B45966B4E01349E8ABD17453D0A90DDE2834649DF44D215DD162AB78A174A33D574AA6B974A233396ABFF58DD0AB6E1B3796F599772E3F2B2628EE2AE46CB8AA6EBAAA2C60690C8124D8F0DB7D8756E8AE46F6D0F8394393FB370F80A37A460A9362181181BD4136CD163C35CC750C68751257A4D7B21B692CD08908B625FC4E63B3F54FDB1ED9018183EE8B8E42A84FFB8F9A95B9ACFC16F7089ADEAAC227D54DD5E4870CD132AA94B921E8BA2FE4A6CF45554442FA23A17E053EEF5B2AA9DEBAFDD530A45766FCDAA3078C2F749164417F6772ED199FCCDCD4E1FB5672CFD15D9DE68F85C85F3D847E2724D707B3B3D6B98579BEC9FC5A9D08B1B12F61115BA7926436E4D124E0337E14F8A7E012B3359F86DB0CF45455016194D1272529E4BAAFE284B54E6A9CF3444EAB3A155585CA841537C942232BFF00FE778776AA96D5716A9B5077051201FE41164468734E857E23627130F50A9478CDABDAB2BF30CD4E01ED1BC35574134F81CA51BD93BE8A6D208E56086C336C3FBA64F79F8BC66D8ED10413A75B25AF153D106EA89F2479D575A840FAA30E1C9F13EC8FB47746AABAFCB472C3478CDA9C4E49B7747847BA3C0A854B2F311BDE89B161E61322372709D90F69814638D42046B64A3301E6A7B2BAF0F95CBFB90BECAE98AEAF04226D0D2D84343AAA648221AA47C36D865AA00A08CF55208F4B448E481D4298EA145892C8515D71A66E2AEC26068443DA03B470CD57363A4EE88B86E91429DFC823DD1E162526354E27A2681C1084C0CBA38ADC85E8A1B5CC0DBA6744D65EB845312A5975AAEBA4A8037A046760440D51F0DB619E8A68232D14CA3D2D36133A2791C8A8CDF888B59B437E2A39184EDE87F651B923DD1E0F00AB89516733C91777432219C13F45445554F4465AA74F45781320A61C14CA3AD10F05B63AF2A209D2AD87A22B0F15E561ED9E1BD53A1BB688575C25BE107820DD32A6A10703435520EED1FC1A886C2B90334D1A3A60ADA24254EFD1A4ADD5B856E15C16272C94E402943A9E2B7CAAB8F7C2121929B54CE6517BCD0207409F8B3129278E7650AE05511A50780DB0F3524119EAA88F4B28BC90870BDE9FA225A1CF3F315BACFF00B2316206DD1CD0D9FB7BB0DA324D8B089739A7112846A5F736ECB9A0746899511AE3578200EF36792DE6ADE5AAA34AA3164166B1127C3F68CCE8485789A05C93471B780547D5555104E410A779B63A6A68274B45547A5933445737BE49B0E18934591BCBEE1428B07696C3DA0660B93A0C4731E0894E4B031CE02B409CD6419C53F1128BE2BA6E287E5DF8AE86B6F1571C6749A0E399B19600831B9585AEAD8EB289BDE9D8EBD54259209D76C3D1154A554B929BBFB6F41CC3369B22F97DD438912F5E70E29ECD9A65828835F10418038992BB09C5E07C5C6C1DD3F92897FE26C902C9C8340AA84CE5603C2C980839B9F727C6C77835524119EB61E9649ABC976F007B495471575A70FC8E5EE588C27436B67A84DD9DA6EB0095355DAED06772AD6712A710E1D1B68EE9F0B031CEE81520BBCE9E040749B57E2244D36C7840926A649827AA74B8ABDAAA48AC4827228CCF8A7A22A6EB66F84D71E281ECBEA511D97D544EC5B7618321DEBC1D4558AD58625EE8A72A772EC26171E4A6F7319CB3558EDF458A3BBC82A988EF35EE41EAB0C260FF0015308A897050B8C966166164B1022C8AE10C070129A6438ACC01D79A858F526E60A3A91541D29CD6A16854DAA7ADAEF1668AAD2BA215D2CA557B57E2F94668F61ECDA7D557BC6F68A913D6AB03011D249D387F5B43F689B21F0D4AB909A1A3BF2515DE683A9E6A8617AADC69F35585F558E1397B39F44E6BC6F7154AB94CD9CCAFDC5134949306AA790543929FAACE5C82CC8EAB9D8567E2C851357685A5C07057605E637559E7A94ED4B6BE4BB3F361523DDC7392C30D610D1E69D7A27904D84E75D057B28627F31CFBA5154A959ADE2A26B3125BD7554427FD151CE8656188D7755ED1B779AFC447A9F842A505B7E22E499600AE0CAC33D51989D92D45B90EFCFBB4B257BD1082C2647790DAA289B27BBC426C485EE2254265ECF74F308B46FC33309B146B9F74BBC9542A801498F79F3509E34777AAAE8F354557D5710BA9576136F1CD7B96FD163D9BFF009527C2BA839BBADAA9682C6924E245EFD153D14E2B95D94C2C342ABA298748A9B8CCAA50298DE081E360EEC9FEB63A7A295974E5DC9CD49B929BDD24E1398A2E57028BB2BB3DE623F3B1438832750A2CF8627DFB8E8AF3759A732B17A2C02EB38AF691FD02ED0B66ED269BFB9D78F74AA66575418CB1D7B24EA4CAB8F739A1C2530648BE0C57B9BD6AB7EF0FDCAE4686D6C4E69F73E23441D3CD37295D4D968508614855CA653BA2173392AEF0EE4B8A22A54CE6877645724EE698A8839568B79AB0CDCB119689E5DF0AAA6BB8D1762C70BB0F450DAF174E4BF6BEA9ECD0E26AE79ABDC6DED61BDC43451BC9089B479356221AD0A5B38BC7E62A979EEFB298AC5D4AE76D54D3E2385E2A19948DB7674540AFB2AD35A68AEC66DF1C53DF1C13F2B64AB04321FEE15521BA1340E2818844C51325BA5447945CEC94A4AFC3C93BA22068A8B4554D44AA20A5DDAAE485EA2FF4A522A8161324E9EA9C9F3C9CA95458E6953DD7050623D85B118EACB826398D22EF14D10DAE2E4016398DE6D45D1DAF3F64E30AE5C3515D117968207CA55CA39BC1CA975BD02A07C4E6AF6D4EFF0016ABB0981ADE564C2D64B7961FAA994E0334C1AAC6B794854A75CCC2897B82F72DA89A1718D6CF92C4EA054135868AAA13B82EA84B5B2E49611354A12BB439ACD00E579152364FBF4F45868AB79666CA12B13880A44D5601EAA464AEB9B40AFF006842BA0803895DADFBCE344001879D8160F45EDA0B6F29B20B153B8151547A2CCAAB9606A90A05D943F3557D50283FE17515E66454DD5D13056867329F515CACC215681167041BC1486614A4AB4526D4A0AE8CC2DD58A8100D5929494FC1AAA2C9AB75AB8296AAB55BA561054F2529892E6A4344D9890164ACE76564B25AA13549ACC05847AA379D927CC564A8AE33357BE236344E65766E5762559C54E1B96616616372BB096F22F729958161132AA0ADD281D42A5988E153B394BC675A2DCBC1A7A2C336AD56F155254FC939A9DD11BDAABB0EC96A16EAAD11979947829B66151EB7D55CAB32AF38AE4AB40AEC3CD5162CD128694593564DB3CBF23352F1F82C815BAA40153955507A2ABD6F2CA7D55564A8144442704535482FF4AA1CB202CDD6D9455FD46F0467AA3295850929CA43F5D3F95FFFC4002B100100020201030207000301010100000001001121314151617181A110203091B1C1D150E1F040F160FFDA0008010100013F21FF00D0B4476944BBEC26BD06D8E92FBA8FB7C34BFC3535FBC29FD278999F6933100AE5BF4FF609E41C7D9FE511200E5E256A35747FB3B4E3A0783E8A4148F091C4F958F87FB3D9182773FC8E1CCDAE07BB16AF468FF7340BD6387D339B618E21D25A106FC76FF1CBD62BA9D5197B1FD8B9AA3AF59A70F3F002AF8FA9CBAA9BE7D6205993FC6B1CBCA17EC97FFF00ABE4F6BF578C966FD8F4FF00180EC687BF5F48548AAD8F2C0028D7C9EDBEADA0008F798D758FBC1FE150881585E39849472354A8C401B17F16339BC07639F584273CFCBEDBEB316B34E9C1FD7F855A3754B36B9C7A1346430D51003A62578F8E5DAF45EAFDA651A3E675F59DE5203D21E9C3F71FE17859AE39E5F6DCBDB9A2F9E3F6D7DBE3726F13CF2FFDD2539CEDF9DDBF5AD46D4FBACF67FC281112E16CD95F55B3FEED1CAA146073EE9E78F785BD5B767E87BEFAD91FB1F87F5FE1AA773FDFA7AC64CA4BB7DCFDFDE354E43DDFD41B7D0F7DF5B3150EFF003FAFF0FA0A4570767AFF0061E990C3AB63F32A4753E87BDFAD90A873E2F31F0C72C71153FE711BD3C0262AAF933346E0D7EA402558E7E510757FECE3B197570C076996B469EFFC9B927F23FF00342EF1B9514E0C912173661FD88C59D398642ED0154441A13B443EE136AF1C9F1303CABE1453DDFF00A8601B4DFC50F26A9E3A3FAFB41D3C2BB79F52BDE57F531F3EFF00AD61EE40080356BD6760DC388E0B26AC6A51FA8A7CBDE0805A446A37A2F5C7EE0E6E5AF85667741B0625139710B43BA964ED3D055FF999994075EBF116A8A8965F958F5386651AF9D7EF1F5C48B568D5BFEA5D0BD70C9E4F81671F4E7CC0C77921F4E251FD669405DC755C6ECC8C543337345EFB46DE6E953ED972A3B62544EACF00CFC05E97FF002307A1A98834B8F915BB8D74747FDD66820CE1D4CDF3CFCB6EF3A3FF00012F425775CB0746D82AB8CB92ECDF9264A45130FDA2B1DEA661D3A3B94301CE41F4851B5D032BF91A3A2855998F5270A78C40C8C2AA7E425D4E84A1542EBE0CC7C3E17F5405AB3E466A6ECFBC333D620F135DFE2807009DAAA0CD4B92EFB45ADC663C7CB79E8FAC26E85A2DA27AB6AFB4AB3C0FC454C92DB00ED31741F662FCC60815A72D5FE21AF8C8955E906B6243E898BB57D999C5DE783E93381794F5388053CDAB943DF1323BA6D717160ED18690ACFC310DDDC1B2CFA77152D8ADC2BC1F22FA819464B4E83AAF32C9EBEF2A82EB63F528683B2287416AF113EB69D23ABDD80F71C34DB75B7DE665BF89025E22517E9AB6C96D307AC2ACB68E6232330690FB26A85610416C97EACB4AB6242E8CE65A2DC55481C89B8F6958E788FEDC808E5B82947A0E4F5D91E5CF729F463CEE695FFD87D930DA227786E557667763E386282CCE8FC92BA3B2F3FA8A83D19873BA2B9E568F48EC3D65D4E84F697C32BDDFA2705A5D4666E74CDFC0DB5531DDC2F301906085506DA5B5D653234319B165D97B4AD00717AB1DC22F2DA5FC1B8C6FB90452C4B229873FF48802363F0B3DE7E6F69352A703D488CF6C2CDF2F6A09A73E4598B8D302B7F933652E341FD80A802AE88C3D0AE4AFEC3194E4382B88A631E3CB83DA5A8180203684734A889AEABEF88A87251DB8F7FC47D81D0DB763F68F5D5332F3A4D3ABE3BFBC3E07923B3F64B4BB6598F461ECF0A6FC3A6754BA73005013BCB05DBA712E02B9343BCE55F09D1E9074BA533074F2FACBBB188FDC416AE1A9609F90FA00CBA25B1229047DA46A25ABA97C4ADB0EADBD12CC92DC5258EF6592250B2CBFE4A6C6DFD31B11A97106A804CC00C17A9637F1DEFDE3B9040DDC47D4E90DA5B3BF8B105AE8859E53B7B4AB5F7CA3EC4FB9782FEFF03644B562908382D7F440C60E8D27A730FA4054E475A75054D5EBC7ABCC15AEACA642214BA43C0F69ADAE8F4E81C4ADDAE874E931C56086D1D470A28114AD6AA984D1C8932BB565F055E91AD1FB861842E9032E1DA20A157E03D66B0732A3D19D69633AFBF59A559C143CF2F48ACC3A393C8C614796FE89DA69DC7D498C54F461BA75899854A83B9A8C3AB352CDDE503B4C5742E66F527923287BE3E7502DC12D3B367797EB4103A04A0B25A9E22D2314C4BA8067B768D5AAA8517D60681A177E20DAA95C634C42C168B5468A8B2A8BDD915E768913EA8778AD4B5946FD1F820291349120C9D1624ACD2EA8B80A6BB20BAF495FAD634063DD055A56130E815B17B462D9EE135FEADBF304DA9562331B1032DE1E90DAAAFBF76082A25780EF1BA7067F703D89D5BFE65997DD5FCCD057D5DCB9B9E275947B7D2CBF6805D9A3A2FEA0A0748E6A5D2A4AF8E65FC49369A7A76A22840DC839A7822976776C1A59C3DE54F17637D6CE096F505A28BB3CC64BDCBAADE9D637107DE816FB4522F8A2BB8EB080380ABEC7700037FF00D311D526C3BF13A7CFF31D2F6F82C0EB8656F1B667B4A607A622A1EF0C87CBBC42347C758B2F5C810B2169C082D034984C0294EDD5997A2F9815429DB50840E295D2014D00587AC1CA6736E3640A8E5586A514440DC140B2FCB09F6C059533E3BAAC7D2071EAD0066230669D1DD2B0439431DCC33759E01D48E5D93338FF005007550B897B7784B8F2F6908F726A8BA53F987D77AADBD71B8CE9B2CD43D2538A39EFF366D95A8D800DBFED4353AC02F30EB80E9EB1AE28F0BC3FB2D9BE2A86B2FDF503A455DC6D436540A6FC614F240E1F542F451E90B757C7B63A12E08C9A1FC5C6343D28E5829262CD9D54D5A91630A5702BA058229565854EFDA6607134CDB7CC2AFA528E4E1FD4ACF74AF036CC55301A2F03334332EA7420D2271299D9946387983297457C2DCD5CCBBB53A10EFB885573D5AE2E5AD197BF182B6A745DE5A8056DFB9700A72E621A0AEA6E24C65987B110F58B20E618D71D11456AB9EB0571C15F74D92954C741798AE22B6D945C2CD29BFF00E930E85186E37800AB620686F04BE67620825E418FA7FEA297175D0FD938FAECBA21D73EB02EAF560F5EA9735BBC1F35E880E565C82BA22824A17AC5E79106FC3531ED87A9CC463ADB53F315F7683741FBCCCAB5668DEE9E20C64A9B03203DD946C72BCABE372A22AF706ADEE77411C0D14C6B3506859E3AC4B4C614D10E71B20F6C1739D07525CA12BB36B34F12B7FABC0EEBCB090554F4197F1050708CF577EDF99481CFC5EF20CE32A525AF1530577CFC9807995065A3533D036BF989B345FE131D142F2F32D5B06DF6880F817E92902257477252D5532978B56B0ED0B9740CF9221A5036398A57418C1DA60EAECD75EB10ACE6D8F494BBDE57FC8F2D2D690A946B27B4B2D35C3BDC32C0185B9DF9260B5A071DA2D5187D63DBF9011577214A4DC83A2593F41620DCDD309B75E19675259D49A7BE59FA3131B477732C45ED17297B2012222619AE436398779151DAC39DAE48E4562D6E98B83702E91ED2A4DAF06DE3F91A9B4B2EDE8CC7A0EC07C3A95F285E5BE7C47477239E0164A4F98D9559CF32B28C8520E9D6E010033B1D056A6F1C3A9EAB3C40DA904A59FDC72FEA6841A1EFFEAA2160BF906A2FE864A58371898703895837B5AC702981FEC8D825596885944E7FD8991697CC01BBA0657896D821DAE6712751CC29D1A4F02160D6967BC20E8AE5D0EC3A206824C68269E9030296BF74BC3094D31CB682B778F05BCD5C11952895D4EFE5822CDBD3A7C28770D2C53D3E1C663D25DDA8732B01D502B457C0E863DCEF87A43398BDDDB421916A518E984CBD014EBCC31715ED51D4DC340079CF0C545AE69F41D4AFD89AC530288545E814D463223685B366C6A17E2E3541E0BD8DCA40430D6EDE1D629435E6E8E5F79A0F55E09B38DCEC5DFE2100D0512EBE0F54A768B429FA3ECDF8D1F15D22606EEF4CA4AAB14D10BB2AAABD260B56354D12D4269E8ED2CF80AF3068140866468D370D7517A8CC694E0EA2B154E56E11583D184D6AB6E3AC3803BB1E677563F0C7132058DFFC12F6B8F97284187118C667586DABF946A77C30D5AF07A432A23A4884FC3D1860B261ED2D7CA7E00FEC562BB13F2747B4AB85FB01EE7F65AE33D2FF009D2064DD4F1FAEC9982251B5DAF9F68998DD55782A268B6DF12F734C64CF15CB16C7E56E3BCB694E0F1CFB4AFD8A1E5FF5F0C2D25076BFA7ECD8CB50D4058AC85D42EE5D65236D5C39278D46916639FDC459473FB12AB14A8F798D83967B10DE966510950AA7ACCD974CCBB0E038F310151AC2E9B9454E5960C68B0A14500EF1B99314AFBA6CF3F400A3634C3EE98AD126D43F13A84C332EC8312CE4E929532A9F12E6F27F37F53790008E8432F943B9C92CBECF773B44D4FA41EB2D7EDB1FECA5F0B2367DB894A4F772BD61763D2ACF867FC0534ADFDA60DA4BFAEBDABEB7B363A9A46E5BC4A358CF6D2C51D412ADAAED0BEA94BA4266B06A0BC8F2F588D0F44E1D5691DA90A68D4BCDA572EAC34ACD9D3CFBF69CA5668A3DA1F6B706FF00DC74F55B8FE92DA743E635AD4AB7C33DC7CBFB7E7D637E61FF0029BF1104A4B219463922915629E52A22FD3A4E49C65E76EDF05CF8A9D0F278487A101F876C1744F0CBCEF629FBEA523773B17EA5DF8C1305FB449817A1F4F4961BD0C513DBC11001D48EEB7E9FB37E055E309B84F6D12B59021A21F09B40B8D6E0E12AA392D3B4D30BD8E3922D502CF3707E65D07AFD7F587BB486FCF59590385420D6C523AF2F69CA76BA83A9893749EFF33B7D2D2559E8CB969F4992CF4407615A11B5EDA4AB96FAC0ED3D5FD809D456BB972E40068FBEA00284F83713CB158D7A4AC63AD406354AEB536F99ECE2E5987886874B88369F4BD9B1807CED004699EDA05B9B087B2123B197831C667B680247A41917674852AD0A78B8B1D14EE0E7E34431F7469FFBA41417AFBF0FE4B025584FB934BB7CBECBE86DA264D3BCCCF1577D406801D8A98E7B0CA630A1D7CA9BDD4DB7E6410508EA22CCB684AE56B6FA4CDDDF0B5A16C5C606A6C40B84D49D26635814B96228D704FC8FCFD1F66C6054692EB7081B59C33DB46EE437662292EE1272B551D8DEDD196ADDDC76EEA3506B768969494367E619B6F2ECD0FB41A0951ED2EA81DFFBBA858BA8286BBBBF48C95D22F4FF0052A6005EBC5337F8F975F89EC104C577FB911DFA13FF008337A1E6C0E57B054DF27CB30EEFEA6A4FB022D6FA2D4C4BCE8BF3FB82541030CFE21230C36A9D44551E95E22B977608842D814D42312D145F8F82D9ABA3A8189A72758E9E310B1995B8360FCFECDF8106B954A6BDD4F6D2A5F7D1002851090584ADDDA6E5AB7B8C504EEFA7AF99735D94C1EACFFE020EB5769772D7EE1067746B1E0DC0272EC3AD7997C0501EDA7D399C83C9E95FB833CDD6553A4D1E3E52D8F91773A7BD49C35F103CAF040ECF9C4E107962DA39A60782647CA3F48511388E0ACA093C69AF59A12AC0D4B86F0C1301C34BFCFC736BDD65D8FBE18E636709A880AA4D4A49E709DE6AA37782BBCD6ED10595F3F37B3631AAD8AAB959A5CF6D154354C33033BEF091DAF4803955166E2A358B841E85D1ED0E00683F7F0F793347E5D266F87899F3A286CF245C16DAC4227DD9C05E315A2216FB43B1F32DFE3FF138A89225E095E09013A31B6ECAF1747C36CD7FAF877B1A8FA2A66A186C97157703F0494F0C405752D7A27B9F9928E46A3A8B838561966847B6948E90DF3120ADB984983768896ED2F330BBB25881BB53A83FC8170362727C157713EC847661AA9B96F07456EDE60A4DA5035DEB2FAC5F82562ADD43A7C3DCFF00E74F9605285D3C352F4B6114A9CCADF143D8F8605BFF00E7E02A534F042D2E64FD4A4C387E2A0A2AB5DA5E14D9B19F93E89B1A4111A27B287917CA0050510912C4753D79798100EE0E2C0074E727797778391C0FE49FFDD61DF10D8E29B94357C761DD97D83002BC57C047892CA1A3E2E91EBF2FBCFA5EF9DB33423C7F28141D8D7CE153BAAD25A067BD4583A1F0FBDBF100B300097E6071E631EBB1D608A222EC8E661E6A245C0E86D80214D60868163EFBB8D3BABEA9260DDA61752B110B4D24D3E22132C58A7EF1719A7FD6670B00E7FD8D802236B839CFCC7042E15C4D06F58EE8174B3362D3AC5555DFC7B4371A97D7772BDA7167873993B093DC789F826A3CC2FE65829F905CAD988630AA844A821EB0E6381D2FAC0F17C24F7943E0F6AA9E55ADF68CC0DA6DBBDDBDA310E433F0C1FF00ED449B05C6FA42B8701D2603CA258FB73249D7E18594908EC839205D155E5FAEF65F8AA8A9BB4457D3399427A1E60985C2416F579D40A9E1D55E92AD54ABDAF5E201487392F9F988ECABAC7EC47A022D575312A75653685F802A00ABA094E768FF00A542613D0DF9EBF2A032810765DF88010C171D0FD8472C5AEEF49BF1EA87E85357E932D404E717090E0768D45D446A0389747463AA5AFC06271FB65D2910C4DBBDED8A02516C9702712F332772D92A5F810567DC21B5B9F64339C7C0E90DD4E1AAAE5FA8E650B2008F9980DE047ED0176E0D8177083AB2F97D6398D2D500326265CF294B6E43B83A4751A469F955A30CE2F2CBF497D52BF3355DDEFF0088A4D8168A226A12A8671C43403A4B5EBF2B2869A96C96E0AB9982EF704E4E78C4FF00EAB001C533D97897F850BB60E11D9147B5E4B8869BF4C19A09D8C9F78AC44DA603AF99783F16E6DB7E16A40D83339A3A266C6BE02F6973102940CD73F05D15C25F172DF59A731AACF47B910824733FF95F3A50E37E22009AF8EA374B3BD441A22A54CA3B2841BBCD676704C68E7A781665C07071DA5D74763A9A67E42048447028747E5656602907A04EE4DCEE2350A576A8C25D20959DB49F35E86C8D8DBB8EABF97EA71806D6558F6533D7DD25A1D022010961AC1EBE654BB2328686DFE88C729E2654B201C3D065B0788F85E0090A3501B709AFECAC053812A43C5C48B4B5899A3EDFFA86699567784188E6600F11FEA1F5A4E023519C875820CA4665F4D537393D3E4A15EF2FF60E0CBB8754848496E882CAE25DF2BED044C7C197F1049528A599F67B98F80ED8246051F48D1AD6F38947560B9E1FFBF30D291F5CD74F481C31217BAC7684451DFC402161BBE91075F36D0DA4CA3EBB07DF98EB6C9D3F6AC5E00DB357B4C6B9B5382ED87C8C677099B829AE83A778C01B507026B2CCB96376746AE508E980B60B68416AF8FC420BB29607F62E5BE965EFB810A1AEAF0CCEFA553BAD11190DB44A012DD2B6C01E365DF4B9B8D72C3222CB32AC03C0DF3CCA3C94BE23E8BC8379F93B404D5D5C457C8F7DA2B6D63E51E02601CF18A45AE03016778685585D4404CA66A5EA4874A593041EC17EC622D5C4704E60D6AF08ED58E0E92BA4D0CBC43C896ED2FF006293B6C3D12582143EEFF73B34F026C9509C41D99894AADBE79F85297ABCC068D0A68EC8A3ED72BC79FE4B18672D041DFB443FB30B2B6BA1F825E6BCED5743B4C638F881B553260BE0E59422B681D7128B99A435A811AE90AF8724ED94067BF12F5ED393FE4374AC51A7FDC1A25B5DCF5809379C02F4E0863D93BC04B98D5854A8D5942BF681C0F07DA22097CBFA8A70BDEAE11447D18952ABD5066AB52F57994A06D5C54716A3B2CAF1F0F0CB60DDC370CAF78D36019FDCF630072BF94EA16446F70E5AD1C2E49706C5AAB50CE00436594EC4C4DF174DC04438554E602D1188210A5D1196A1E2A5687B31A7AC2007AA309FC85F64AA2302EB357B3984C74D9465F4868A6050F7608E778111FAC594591E3C0CCCA4D12C6BAD4A910E00BA8753EED8FBCCB7BAAE8F5D10C4B5DEFCBFC8309B81F0A9E3E9D26C13D4164A5BFA11742BD61D2ABDE6986F60BE21D102DADEA1C28A1BD4559F7C581382ED890C87154BBB2EF35825DC5B32F8BE959454A1B81C4EB3F8BFCC12887DE23B4AF567AD33E18341CE3A383B7AFC05375F2CDF838A8A007087985636B52C0B3A071148109627A30799CF4A3477825A18280D1082EFCC967682B411E51516AE8C1B83BDE22DBFBD2DBBBCCD4F4ECCBF71399BC5E6B6B0EAB27586F8417825D4CB61ACFDE5AD0F608332C171D0F041048DC2821EFA9BCAEDF582807599F8C99B5EAD470F566ABF1182CF852FF32A400341F1BDA12E122D8DDCB7707DA6C19DD5412D23BB3AD3D6754BD6A5CBEBA46D7D574869A3A227B25D8F585BA0B7E98B9EB7571323C569C458185885670A28377F0B4C95B846A72663536F01969342143C1CE617D2A64EA7BEE26665A5851B848424A90DAB7A4647F6A54D3D13B1FB43029C5E382188FA26D018DD927207A402DE847A8666C08075F9661A8AF91989AC0F0CBE6D556597B0ADE131121B1D16C4BB7CDE095333D803D663EEA54F415F0DE63AA6F49DC8541FAB101DFD8CF03D200A9C2C1621D6AD81BF8996334CBD6106F62EA656C24655051CBD27AD5BD25D6F96E222AAB0EF05A82B9F18826ABB0526001DB7F0B39A666FA7A95268EB50FA5576C43C6D4C11D762DC429BBBBD4BD7E1E3C243A045B88378C769F997A68F6819563E4993639F17082958A0E9F038AD8A8B021BC7D4B513860CC3675EB2805724DFE67B7F839DCEDFED028A31F381292C80B85756A3BB6BD2F106C6BD46E5B2DBAF2C014A5B4A25B08E1E205ACE5046C294930FFC9A26F2CAA2D60992B2F58873079B8C1956C993A29B26495EDA89EDFBB14DDBD58711F683DFD89940F41894051D119B1DF655D1E6CAA357C4C2A1EC304345D9DE00832C2296B405614C939634C5FBA68FFC14EFD540BCD4A83A63EAA094D33496A0EFE8A99D64F0C61AFBBDCB8245B561D415D44C817B24577F61059BFB1043DA6A7FC98297060EF0203BAFECB0BADACB62CF10114BF3080002F3529A51D45159AEE88C81EEC076778E58C12C4804370E3A0543340086C68CB165745BAF91077FE1D0782007C8E852FBC537DBBCA23A32C2DB5F876285D6EA3A6F02B3FF00E49FFFDA000C03010002000300000010F3CF3CF3CF3CF3CF039FC3AEF60F3CF3CF3CF3CF3CF3CF3CF3CF3CF3CF3CF3C5655BDF7DF6D43CF3CF3CF3CF3CF3CF3CF3CF3CF3CF3CF01D7EDBDF7DF7DB0DF3CF3CF3CF3CF3CF3CF3CF3CF3CC35C7CFBE5BDF7DF7DF62F3CF3CF3CF3CF3CF3CF3CF3CF3C16077EFBEABDF7DF7DF3EF3CF3CF3CF3CF3CF3CF3CF3CF3CF2D5BEFBEFBDF7DF7DF69541FBCF34F3CF3CF3CF3CF3CF3CF11436FBEFBDF7DF7DF7B6CB7F409BFBCF3CF3CF3CF3CF3C134074FBEFF00DF7DF7DF6CD9702F2D18F6F3CF3CF3CF00F2E7780A8D3EDFDF7DF3EE2D36F5A9A26A01730F3CF3CE2DC3D47D518666E3CB8D01D01CADF47063AEB11D65BCF3823A6CBC7553631CCBA841CE1B7F9912B3962DA5B793FCBB7DE45D8A73543A522A9AC708AE6111EE37FD867E08473CF3E38FD4F4595FA1B871C6DCBAEEB66F27431D76243BCF3CF3C5AC1AF17F6C750DFBEFAD3B7E5623195617CCFEF3CF3CF3CA84F167A66E92CBFBE5BDF7D8EF37CBA3B6966F93CF3CF3C4B4116380E4C1DCFBE1A15291BFF7DF672C187ED22D3CF28238802D03F189CDFBE7BDF7DF7DF7DF6640CB5162EF3CF3CB08F020353C7F6CD75D3FF7EF9BE7BF688868F7E86F3CF3CF3CF0C25E2D7F7D934ADBF34B335D8B6A99E26E3DF531A3CD2ED349688F2D782645BCE94C411F2D039979A997D73CF1A051DA97D9C1AC3714965F1861F4BFB3CB48DDC10E3632F3CBB426C626CA6EB06FC4F69069E048194EA733DD32A53CF3CF3CF061BCB3CF3C7806E2749099D94003E888EDE9CF3CF3CF3CF3CF3CF3CF3CF3CF3CF3CF223AE5BCF3CF3CF3CF3CFFC400251101000202010304030101000000000000010011213141103051204061718191A1D150FFDA0008010301013F10ED9B6A2618452B60A6A01A59E61343BF7353FD2595AB829F4A2B20D9CFB761C8C0AEC1AC200B3D9915350D66022E2592B9ED2F15C7B3328C74761318399AED311E7DA217E4FA8ACF04EDE8237ACF8D84D8FB1014C28B71AFAF469EB0B6218372902898F4E1F642F909861EAB8EC5C397998568E62008BA85860C21DF200EE156044C2E5FA20DF45B7D2171DD0CC15DB28A14CAD1ADEE51E327F626177FD9BAACF10D68D3047277AD4FA95351CA701D38FA9E54E58C55B0FF00615828F1FECA3B32FF00099868CB2E54DC4A0CF150ABA1A7C4074FC9005AB3FB1710A7E771DB387BC743B89315C331141952413803F7034455FE4B5724418DBB62D621731FC465F67128284C1C9329E6FF0070A5A383861841C2C6850B3572C05B1C3E83B9508530C0692090E8822995C23E1043A4A1950FEA229529E2B51341619B20A8A3778F984B45D1C7CCCA783D8A2820544B9A600CD74A30C7910644E549B2294546C80991D3F514593462A6F5BDCA0573DE236A1769806CC7A077D0508B182FD208C091E7863CC724A5B698601FCC7144201C77851A22C58C456AFC4D5F5D76F402EA0B9940A20543196D70C59D352FBA2A8B63022AA65063CC4CC36B114EA599F24A3CCB11F096FA09A3CC708B2EE5245DA656D5DCDFF509562FC3B94D303F32D5B7ABBECD33E61A03E230D74DBB6AB6D3145291072DD4456F4BF897180AD104E20DC44E58036CB5E253E3A5A39B23BE892860576F63B9A9C11A752AB33350CBBA2018DF562B4C2C20C6544000E205F4BB8CB6BB47C225EF0875A1898E82D268016CB8BC085A7C755C4C10DAAF106CA5FA663553F32BD7303A0CA970730DFA6FA2B3712661A62A0379B25EFC4B801770971AB8665304DBA3C41346A5918E224A8A1B75714535D0632E0E26273EB62984232C298ABA8250740D89A02BAA9D5EB995E612F32AA6C9860F62929E8AA94BD00255F529E80E947FC5FFC4002511010002020201040301010100000000000100112131415110203040617181A191C1D1FFDA0008010201013F10F6D9A170F2CDFE40141510EC8B6C3FC9D3199B4C77F2697F180685106FD2029D46AB8E3E392E23516FD81B1112B67C3C602FF63BC4401CC02D07B4001CFC3621044D4CB95F1EDB29D7C426E6D7E60A6B63EDAE7E93509F7914A1F0448480BBB7F93D1B7ADD4502F50192D8560C9E1A032A0958BF7061F0E7531EFC8F6142AD75308CDA317181B43A1D10D8B12A6C1F60317E0B32AB04E4221A6AB3296AE79E3C9E9B0822D9A4540BB58892EB69A8BD60FF0020A64D42542394C886448C7E52E84A6A38F4851661DA05467DC00ABB83986481E391B8F521092F4BFF00236CB6F72C6B47F6601CE22D14C4250ACE6E23569677379FD30568D30B0B5640A9B23B6B8250ACE0829F217A9479069DC7309783F7052D80ACB10B739740B391FC45E1407F60028D41A851A205E587B41AE866591565E1983A57F972D0A65E48E6D32062595BA6AE982C35598384D04400B18D57813A9475E1F085661484E3C0F119DB2329D913CAD012EF73E98ECDE2A6169FEC3201B39BDC1DA52E01880815597A8816D2BC9D4701CB1AE222B22C39CF920CDC0617E19511D930C389639814B8B72E6E37E52F241E19FB01389B1D2443767D302961C77FEC14A1BB723348D68FC4B81D128ADE65B55E9200999AD4796E039958AF0CD08D18605214CA6077E74F14F0A48972C6104E3920B8F432E28B239F47D446FD6A35AF96283D440EC8F371B4B63C415542144DC01A398A81BD31371EFC9AF42844712CB6C42D21ED02509D4A57EA292A592A2531A17E9220DC7314704764566F98A2CA2590B5F101972F1160141363C5F9692DEA5BD4A50ED28F4212B8803505E65012C713059000544A3C8D30618C14608EC880DCBD035347E6231CD766BF736663EBFEC0028F26BD9B70E25DAB348EE50C411586F88B607A95771E237A661AEC8A58AC83502AE00A0F189508A05B11E62538463C24050B29E2D3E99A4BAB831E04B1A48D96BD85F7286A2AD6AE276E5837E5BB9CC2785B1DCEBAF0A2C9DF02B5DCC4A822D8DA562D4AEE1485B965D660A59E3EAF14C446A1631BF19D0008288E51EC7641CF841B8AB2E257593114EEBC58A9CB32E62C97146AC22E431F52CDC6079E6272C1A9F940A8B50EFCD18750D8A60519864242B488BCCC41B2590A719951269540AADD4658442A8DBDCE4333A26C31DCC11E92C285C2564CF11A43530D44CCB5D45A33399EE58B9F422C4381A0188A2D817632E156264B1141288E45DC4B898D950BB667B887101E2392E0F7312EF511E6604B33032935296664A620347A869B992B2F15E15F42AC4EB4166EB60346549535112C97B781D165195976D850A19DF88576FC7B545316AD15FB5FFFC4002A10010002010303030403010101000000000100112131415161718191A1B11020C1D130E1F05040F1FFDA0008010100013F10FF00CC768C1DDF610796255562F075C1E4A8D06EDA7D8D1F4A8C2945B4F46363D1467CCA4A75CAF9472006A19EF8B81BE68407BDD02EEA5B8CF2CBE2E6121A7FD23068AA500D5574808472762F7D7C31D6337A37778660F9FE114EDB4523C8CA4838748F77B5BB928A0142F60FC9A3FF00452A6F949C6D1BE85BDA3BCF2CB3CB9B5DE6740738404064C269FC6EF1165A5EABE476610A2872B75C2387FE7002A002D5DA2D80B40268A9A1ADEEDBAA5715B56B00633CB2FD14C5B91D3F91C1D52D63443D367A76825C40446C477FF98E230C310C876A6EEFD31BB30134703FE620000001A1F5361D5FCB5776E2B21AF76CE9DBFE63EEDCD7C99C0CF7A378F778B5A8DB6F2B00000280FB058F57C7F2A8635B60FC4A09054721EC6E744FF8B560406E0BC1F0798580F1EA4A6CF16402C3AC085834A5FD500AA01AAC44AA44E2CC8EEB7B54A0B96572FDA6C3947B7F35209EC38D93BDFA8E25FF00C3632F9002AE2DDA6CED2F34C2757D2D34E2D74DA60842636618AF1F4BCCA26CA9C84F62DE52600BCBE7EE168E4FE650490351567C479847D741FF008B51618D33AE3AEC7987482CD651F91F0826D1299749A25BF5B116514BD47EF141C35FCD9485AF5A17B01E3FE28A00888EE713A6100233F6C9EA8684116E2465D168EEF03D44B1A44A6D5D6DEEFF0001A2E17CFF003650D81EBFE1CFFC613F6EDC20CDB818EF5C4B4E8DD06FC2EA08196D76407CA61F58A3F8050F57CFF33B946DCD94F710D3E9E679FF0084CB8D3D8519DD802D404E4ACE557B453B32C1783B9FC068BF9975D8976FE170EF2E5FD8355E86604B2D16E7A853DDF111A64E827C43CC1BABD7DA1631E3217CD5DCF485104046C47447ED436A81E970FF00D65686652E9D0ECFB2C45ED2743EC188B1BB62EC387C94F98220991FBCD77FF1FCC10CB856B09054B005BBAEFD5F5860C81EB14CFC25D6B8D0DB80ACACADFE880705D6FBB068D0D214E069CA75AA880B30869EC984F30FA71283D3E88458AAEEBFA83609A3F41BFF00CCC21D860DBEA82CB41A51BE69B5A0C300CDC75E0CFB9C2664DE478D3EF15D50F8FE6E2B11ED7317860565A45A86DDDA761D2622B1E895E9320F421BF22383DD8B88C0314950E9868391AEE3A019F318EA334F3BFEA109A2593338D5F0201110051B19CEA2AEFB4B2ADA59E31FF9B4459BBBB002B6CEFF00525E9970EE7523D88341466A7B8CB8C01477FBC86DD4763F98691E2324D65964C03D19EF51F23E745F43E4F6888D253317E85D0381A27787C195AABAEAF74395A6400A55C062182AEAA58D1135D218FA20CD46C2BE03FA26EF903CF1EC9316B44F334F7A97F5B6CBC4A4DCFB44BDEE503CFF00F3E820D48FAFFE46F56191AE7106F6AC895B719E20DE9F4B9944A462EB537757A1D50B84A950BDC410A00C0EBF6D00D2F51FFC1604C1B8EC7CB3482230DD6171E255082EFF002683DF5EB1836041BDDADF858AB9311748732DB7A687F68446DC1ECADA772A0764B24F6EBE567595CC2711E09D061105400D5C97C111C102A99A32FE2627781F0FE2530715797FC46348CA6B397F55168CC756E13FA7C7D10654335FC8B45AD10B81371FB1016B41128C1AD375ED1BBA1B5F19731C35635C3E8B1FF3B6C723C88FB4B8469505DAA574F98C8901DC69E9A4339FB281702DEEFF0036B6D32141AAF49886617604BF246D4C37D32C495651852964CAE489832CA025A1736C67433118B8D754BD07BB13D0962A9CAFC413CD432889EBA9D984BA2E6CF8659B28267BCB0C0364101D5AEA68DAE684C630B753A3A62656E02BFDDE25DBD07AC1287243B687C1392EC1DDC454411674D48310EF23E067F50012C4B3F8DB24660778C102C02BBEBF550D6305A1DBA8429AD03816F7F6981322534B802D816B163913CC341DF18BEB0F73DA200B57C46866D2D367C02F8267A544EE563D34F485A35AD5A3676D3D2648DAEE7D552A02B35C25BFE3CD0602172E8811640B05D12EA482943540D7CBE21446232B2D5AD6DA33D600594AEC9DBE0F8974B9412B12B0015EB1102B6142058A9C42F0D64D4141DD6BD62BA553D9E83259462EBCC18C9846DE064E98877D2D3C4745F35DE1820D3909C9B0EA4EBD406A788DF8A85CB0B3E4B3C3057F7B0366605C1A47BFE9F48CAA65D604689AACE8C4275061A86AF457F7181C0FB193F8826E80661EE08F2E65BDCA16F11C170D8E807A38FE1C7175D9ABACB0218E86A5759B4ADA1EECB4C1F51FE712FCA94C65AD57DA58627045687C45412C178BACFBC4A46558365BAF5F98AE0400D94611E3BCD38403413B317F4CDA2B0F50817864E8CAC93203418092058FD0C2E27F83EE4CA674543E6A5894B8378B5F694EF2633EAD4A6476D7DECBEF2AD44DFE75A99C92C5B895AC3AB2CC36178E35E5D5F68C98280B5789EF9C7B5572C5F06B15C17C2B40E86FCB10B5CBBA691E02FA43AC76511A3D3A6F3306BE01A15CBA1EB1892036A9687910FF0070A4C26141A28B556224039C45E35876A870CAD20E758EA98E23A205886DE4727A4700B831B70393CDF78491DD613B0F620960EE581E22162D4163025390DAFD4A8DA83B11D06E70C6BE816F53D57FB48C20A11A94FEA068A91475CBE2A1B97365E3FA8D74D7079631001087069ED539EAA8EEE26367707C3F88FDEC1D05AC766754186E2C88C03782040AD357E9970029926C18D5CC1346B78683700D36209D1A6AA8C1AD75600DB91ACE8E9FDC5889402E8B87C909410D81BFCE29C40A5D258BC39F6F8851C108E0640EF834FAF912EF73F3EB1802E5258D9D8954A575FD20BA94C9293A7D6FADAACAB638DFBA68ECD3DE01B877D0FF0022C2CB234F822E001400748FA41B01D397A453F98575CE7C198DD4EF3AE535E152B2BA00D1BB05AE8B74B8C5C550DB3BEBAED8EF2ED548C5AB0B5A6B4D6280BEC6D8D17E3D628389B129DDC04CD4A51E44D03AACA95CD1A0451E960768FBAC3388334B7B9DD2213D172A54B1955605704959C6E7077569D66A484C9E4A2C373CF4889A45C194162D6486ECBE31E10571B9E2E5B71AA5DD03039E79952860E31E6EF5793087B253F382B2B9F466B17222FD9FD84B205E81ADD31787329B96E27FB84561B39372187D8092AF259E90DB15762587BAAED105D723CE19DC60EFA1F32973A80F89595CD8F89535C157E23F73A400B5768CE556D065CD604D9011FCCA6DA3537629F59B0001C3CA1C46E340D16D3452CA46F2AE9EBF9F486BAFBB864DE78E7D0968938674007626B79B6AB5CE5E264EA20796867A8A403D5A1A2BF673C4A8D80CCE5569E9F11C0512C1DCF11C3D6B6FA2256B4524702D56803B8EEB3111DAC01B71823CB80B18E722FD65287011BDDF785DB1678495C7880F5F910362ADB1867582CEFB30EA71D4FCD190C58B46A39135DE5A1E8D179A2A96EF5C04B225074E1573C1FDC3DA6795E5EB1BAE6C2EBB4A86CDE42BB0C936C5790F51705F1123D85510A1ADEB7AB6F11B20825F95CF684CB1D179DB6E2A1D2222DDFC19CAE8FAC77864A6E05B5745DD721362A65C9A97A63CC28EC685F02DD01D958CF73817AD1B674AEB0D1B4EB2586012DE11D17920292CE643968B811615C619F8436BA54AA626401D14E07665135DD2C8A333B3D25F9374AB1AB5917BB030D8D66E4749DAE0B4760B4DC1CF8AC4662806AC6ABAFCC67C8A4AE8657BA883CE3E8570B0A5C8C1E4A045DE096E5C2DBCCB00E09F97E6389A818C41A209F68F643B06AC60CAAC1ACE0233014674B79ACF99A98548A0A32FFB98C10E293A67DA0CFBB474134BEB116A8C9B767274F88D817D1823CF58FC1A50C9D47A4A0571245A1F1EAC1D72CE809471C5C44D2B6346F8E3F5002745720EB55EA420A940D4539B5E9C4B020552F0A715F314164D05D50AEB3B59105400A11E83ADFF0050E51C4A2BC0747B451BB705BB6028DA3FE5C094FD3FD619700D9251E7ABAC4E2C6AA5DC118CF27AD55E4A30F58EDCBD0CFF001CCCA5C70269C5A7E21B68A80C9AA2CAE988495FC003BF573037383AAE57ECA951F8826073DDE08130AC235E31B47418C00D8EFF00313643815DAFE1829A80FC96CF4FBC02EE0CAC057191E88E95AD81C0816B4E655780BA6B8BF5B5CA73BC2ACC80168992869DE3A5B20A34C8F0165ED04F241A2B280B08A6F4C4CD9B1A1CEC2B5A38A81DD2387015D9D7DE2277454C8A703ED744CDFCB4CB6839A1B727582A9C05A8CA7400D5EB5552931862AC693A8EAEA71083661B7A8BD0622416384778253B6B003DA575166AE5261EE08F3AC4D40AC8D749B4E4B94610DDC022B9605B9A3E888B0B46F3409FFBA40692B6AB47CFB410A3477463A758D10AC4F0D31EBA7308B0BA2D1628EC7E2358710551D5D732B8A023864652BF380E0EF7A7C4A20DED1F5338C599E2298784479AFC92B95A0683F88C6205EC12FB2961A6A99FDF79692BA6B6D5B061719E6AEDF983A028151EBA101B20C180375BF05F494852C23069C0B7597E622934D536B8FF007582410021BB44EB0638C0A8319AA03A9DE0FBD9AA5B757CEC4ED3596882DBB9B27FB24BA723047A6D35209EA9AA793F64CAABFC358C5F650FB6E36D6750268AB8647C1F9618A8C2DE7ABBC30E05091C36CC3C5F47FD89501C57424FCFFF0060C22314E341D48DCA44310AB7A26DCE933E2D5526833693BF788980362E32A80B1D3170F615FD702DC405B2C560FCAC0580379BD0DA55BB4A8E00F50AD6B1A5C7EEB4DD686D29635A3B4BD33E191152C71971AE256CA44AB298641DB0E1807E10D86B0E50017D3580BC80D75093B59E8F3196A1C75B04F61E617602CC6B23A8020A304D1650BF4605F72EAE9224055CA944B355324352ACB67EB50919014A34C5462A1EF4505C4C3C585C2E55E9FF00C9505F505DA9E9BEDE9000A0E26CA7A1CF1E9091A380284E57189618DEF4707E16360A005E83D4FDC08662CDE9793D1C7AC00F0C01D7FCB266ACEBAA5EFF00ED660CC9355BFDA11CECCA5B04AF57308A2BB5C1787FB88014D22EADC7E12003234AE0341D498B6EB0345DDD3BFB4C843EB680D3E7DA2C1EB4171A1BF044DA05CA0EAD64F6802452099B1B37FF005C542C440C074BECFC47B1E86532EBADBC728464A0AD91414194413FF4B4F11C01ADD4AF780D4B75079D21D67F45F887F6112D7D49ED0292F29BE1188BEA43D0C13B8886EBC684B0E95559AE7B90293106C4658B73B4DDA7E2522AB1816F49921D502FC92CD5820087F92565BE30C055A68184DA1B975F585B76C2F44CB4825590F3B1BFA44141F2C26CD6A9DAEB68959D705B528B4D18653A629DC525B69AB1E181035696A163C52B57D204B80008356C2596AF465AA10E24DE6661971C90D66B7942F5E1CB25198410467015FDCCC38441FF00414F10A9EAB9BE60C039C1B1B5AFA286B2EF48D9D0B79FE0C34C81D25B12A64CAB48268E12A5DD14FEF98D6A82D533FE73CC43EC06AAB6F8480465501D0DBFCE2028F2A36E3D1F9970D568AB74E5B8018088CF47F52AA48D641B3BAECD4095B1AAD6ACFE26446A1AD16DA29CC5DF0A589F114A5B9AB3FA768CAF7596DDDF599873A96142BFA8A10341CE5687C7BC58205BB8BFED8CA146C1A1D1FF00704C785B88075CBC55CC72DCE0554A37D4E8350A1BD1400140070441404E1882A19763323B890057327FF656A49C57F707ECD44A140B95B80280701F45A5D9E196083C8D1FE98800447226F2CA8B26E3D4FCC607485A79773DE22948034B3FFBEF370F1228D32DA9AF5894085C5A5206089A96758D0F069BABCA79B85D9C69BD365AB6718CE9888CD29710269556B705DD310194C478E748B16050C0CCE88D6F08C315002A852298EBA469311EA463714A1586B34F5248B20986D55F7368F45347016FC438B223ADA9780BE080AD08380288816A075822594F6892752ADA466856FA1DBF91668A5AB341E902DB1130563E2250048994DE235F82F715A471D44354365DBC442CA70980563FCE660686B99CEE79D3E48CB60B0DED9F762150AC9B5D23EB2C17AD0DDB71EF716687BD83FF00D8D84DE1A56B37C717069DD9CD8B1236A37600E7A5E7D651261605D3B9E85F696D490A086D7C290095868EFF006800502FCEF120A44D12518BC4D4FDCA82E46E7DBA403E086568F513D393A4208D68C33ADD3739A58C2CAF334EDA4A5440D17247670EA47999230ED6B8A42D6B5E651BF56BD62B497B3B32B7161B081D77793292B41569B0B274D3A4099B2B1E15A05F362F795312372B6B64F1F31DC915404D9D733A0C288664618A96285C9821BD420D55B75D56DF33B96A2B36BD09E66504AEF5F4F07D7E9981236D4638ACD783F916A85E900C82053AF480088613787DC2D56AC449A4C0A7AC7C1030CA9BC6201C8E43A359FF003A466A0D8D8707FB8994C1A2B457EBF10AD25545D0D5F9F48A02A314DB5FD418CDC8580A2FE185C11EFAB46E5EFB42AB8004D06FEBF31C8BB3EC075DFD398169F5204ABDA752A6567D883528969629BBAD484642159AB60FCCA757F4FB7DEBF50080DC661EAF5C3EB3148F3A90EBE8A39FAB4B83ED2F4D464D1FD32E886A6AB849916F307E9F984396D0EE341EB6F2C17455603D7A3D667E1C5D2BDC353DE20A8C5EE57B8BDB7990ACA3D98D7B364A9E0CDE89DB4F0CF48828F961E96A7C2A10F0C5E4BA0C9E4F30798D889D92350198D25A5A3B00EF71196D0BAD00F63D537FE65E09E911686D06536D6369A426F236395FA33FB882BD0BC660880DA01BA0618E8F8035728F558133830577CCDE59D66ED078FEE18B7CE06B06AE98FEE559149A6F787F0C48A1503A86BB6378B02AF0874134BC9F9822704724F46B4AF94A98177003D843F8AA692B8B283E61AF48B99B688FB90360005B74AD420E09626553BAF31E1E87ED783FE69F70A363528451C6511421D7295029E1C31901351993CEF32570F4968BAB5D64DB9951875064149D12C8A53401D5265751B3C4411104DEE6659589C0B90A1B23D2269637B259F4BF4C128F08C910375030F4315E6A53808E8FD823A2D549736B030F4109DB3216C96D575D0E40E538583B7889596DDCF796F0ECD9823DA80A215A7F22D8F66E85BC9895B14BBA7AAFD1ABBB400E6AEE15083967B4466511441DCBEB2E49C4AD52F3DE1B1872364E33BFF71A3D67A0C0EE7EA1D45AE35602BBC1714DDEDCCD2EE35EAED068D01AAD72B55D596112084ED9353A32CC58571750EA390F6615D2B6C0191E1801469B5D9F98F23A0FCFDAF1703F8FE1146C6A5DB50602D7A42DE0E2F27F44640F5BBFE5FD4D7B6E1405E3F318622C8D296037E2689F7B8FC4A30517B900A13145E2DD667BCB8540146F66E911210446C4E47E8DCC23485ED98509C9658B2506458A31796A5941592667B445FEDCCDE48DF82E5864B6007AC4280BCB5044B34FE25E87B403D001B3965B4D0D5FA7D09E6D4154C2DD45B6D2ED5BCF6C96A1742D41AD45A1837C4E46EF880008811DF11141A522ED1980337A1B8D0858FAA143D48693698232B8342CDDCB3C398A9CED172B6FA1BF44A4D012F893EF2DEFF6BC5C7E5FC00802AE002548DBBAF63586803AB8FA095DFCD001E91F689D879D225C2A017402BED2BB226CAF84CE4FCC14202846C744868DA0754A201075651DF54CC05008329592638199B3389710D74068BC4CAA6066DDBC9328858DA0E7A31D753842CCEB2B1594DC1815F4B8D6F6FF00B3F89780F694754044165AB812D5B614B97E8D65A41C059E2501D97428D67B44A6B325D6B5504862203831A75610150CEF5BA8DEE6C56B75039B28CB879663E0080255F51AC650F1B6CD0984723C402C10B851637C542F3B8B003C683DDE90966CB900C76B1B08AF0BA9565DF912E2C2036E562F88E8395F27DAEC78FC988D7781827A0367CCD41F65FC4347DFC184A7BDE843D3CE7CA37002D7A9F885538DE04F2C017DC2F639940278A1ED09EA314F4FBC08A08923DE3452AC0A42B03A6185D1BBC98B80821C16FEA15DDC0297ACE0E08D18323C0EBDE3C464266EBB7CC3226105A744210794C8BC4BB45D16E8DE98DBEA75BD477B9430D8AD55E8542334413F816C2C02A286B5A4B9864C855DABF423A81D43005DEB040034027B443456911831969A610A8D64EFDEB750AAEB4B231846EB63CCD54C95770E23B1E9F441BD790828141D4434630BE4BB54D7AB8C6910AC40294800600A73ACB4A0AC0E901C1F45730142D2CB0B43CAFB26304315C07A06ADDA2A2E57DA035468155D6E27A466D57B5CC12EE85F82689DE3358DEA07E627DC87F04F8A25FCC393B3BF9B8C5B3A89FC4805284EF06CA3C56DAC58355A6731458BD1ADD3BF318BB257D0DFCC7D304EB943E82627B1AF6265913B7C03300163D53F513232D1A8CB1417E9B97FB988361DEC66F57A428829009E218D061668FBC3A1ED0784BA2FA2B2B33038E29AFA35EF30B32ADD693986ABBB59ED11822D0A4AC2B6AB8B81451B1B38A8E66FA670BC003D2073600CAEEB9572B0FA0468585CD2A9D4755870F48B52AB450AE15EB5717D480B77703512A4AE34581C859A5F318E66AE0760D00E08ABA967B7DAEFB0FF00C41854328C180CAE6162E309618B1C8E1C46055DEEB93D82FB543499ED1C7A3E849B412F2C16E11742CD03DA24111344651182CB93BF29F4701C0877CC42E816AED2DAD454A950AD07DD6218915F32D6ED0E6818D0695DF58D22A0D0B6996FE84C4A4376D37E91492365D759ED110A0209477C40C20D8C2C34B825A2C6A9E906040DE5AE3BE8EF0A621EB10C42522AFC265FC447973EF034AC6095024B84F08772EEA146B83875C56465945A1DCD870BCBF454DF695F83E3FF00152DCA5BE8A24B04D231C013046D02D5AC00D8543CBEEC21D7555F8CA1008326D1048275D2DC79EE18A1041A44D3E8C5611A0D51FE618E18012878BF31A75A7EF60C56B5DA356B655EB96FF31C84563A069ADC1060D00C4F688662D1492FBFA615D2AAE1B142A9C352B29C7A828E80C56E768C88E58B6334613B3E215E527698B74D0A53DA153C81A62A9660CE8547F80031642AA0D2DBEB08984FA35D8DDEAE7EA1A40170FB15BF67B7F12416BA7E0484E12BB415E44A46B0BB9F79DB8D5938D1A5A71D6609815AF3F4CE742DEBFD23912813E5F7848A20D8B705FADBDA51E2D5BA7F682629A9904DF98E381559EF1588BAD7D086CFC22CA225E0852F2DC30553B3155AC4B8C574D78FE2002828FAFB44488D2247C4A83BBB51D35A88A5A51E951022D0057C47F5C71E70A5834F21A0216B7701A6B05414B612ACA5B6AFCFDD73B8281A35C41D51E1738C1A0CFB541B620AA01AE69CC66AD36BF53883AD8A72BA075610482C4074695E8B14889B8AF96091E67DD0AFC46479800F61F7944B47FB5478605FCA2AE5AC02C04CE253AC3A6F781BAF4AC0586788E32DD2DFC4F9631F897ED5E51F98B05E68D03E7E87E5540F0D173AB4255E94009501A2154B8217D8ADFA667A53AF45FB9615001C2735D53107503BACBD97A4151A6A40477F8829D2560257189871EE0A7C41218EE1920ACE5091261F3A9F4F9BF3FCA102ADB2104AB125F68141645E0C35489A0DD082E8DA1341A17B691BEA4374AB53A103E558C938A69E688575C2B863D1E05F582083307ABEE3771404009AD7AC424DFD203F12876AD85F70F6990008002B5FA3362A05ABC11BC21D01F6747573D379B5CDB32E56ABABF65C54F305A820248987E63F6A2B65420C038B5623158070AB6EB59992E9613EF065D4D742FD66E84EA233392854B1C100A90BE0B88F9B80B605A71882EE3D2BFDA12EBCAD65C44E92DEFF00A10254106D3229F82552175A96AA0AD71F9883480393580184BD475571170420130D31C4EB64E4D122C3A60B5DE17BE346A528741326CF5215A911E5048F5A854AA82516E35FBEFED004411D461DE713A9C60861C0E42EAC4C6FA2AD8295ED93D622D4B083E800C8571065AB08B9798021358C3630E92ECF99F77368D71E0767ED0B0A61E025086BBC0EE1635EB9410B76893F4872C29126345E20E4864A05D2F02F398406190798C9E28958869F5A051826D079C842F4C6AC1B913566BB5CC51B2F12C979F9FEE95BF762AA366F7D63D16B82116C2A9EECF2D4FA8F49C9D207977C9343B694A791974B7B425FE12A1B0DC0B4A6EB538EFA35B021B1DFF5154455D5602A016B808204B823BFEA2081C3FC8F585D816934D0AFA692C4ECDE352311865B76971A21625D74D6A0105650DF74450089A8CAE52A297C332302590011047519FF00CE7D2CBABCFDA4C947639DD14B1458FD54B2B419658E28A5A2CE482E488AD29E65B8142D6BD583012A43272E98B7B135BBCD948B64719AA37A66A858E87ABDC6A7A4C0C77B00C168239375CD792E518BA0CF3EE78FB75024135545F8F79705B604F78512BBE07D311FA632EF6B7AF895F1DA615363B8A43277FB188D62111176E0B2297A300E586013A247ED97060F15633DA08548D0555DC9CCC17CFE22DCAA00042F2AD446B9D3DB7DD81BC8227B84AF827356AF86246B842B6C3BECF11F30681A2EEFD0CC800101797D206844B1C3B3E206B433301CBFB85C8E8A1FB632AA006E15C5CA69197853EAFC447A00DB01DA09E2A0A17B263D66253CA539E83F32E802466F963E43D0DFB21EE430DEB79FEA4312FCEA7D85714760D23C9024A8747DCE18002223A2475F200060D6191356E301D1684632C6881E5FA801423A2372E12D40B6568D264EB90E87046F65680F77F51044A5D014EEB8254F86C1913C75B9988A0EA452BCCA825B5C3D4382D3D52F68488CAF9EE570281A4765D2FB38F10CCA05763CFBC2628289C3F53CBE83D11EFBDBB532B91EB20D7B5DE664D36967F3974213DC755BEC3D207A8C92BF0170770C439B347319E74E0F13E1F6208377260E025092C04E8DE324C42FAAC652FB06A1CF762A28ABAAB2EA202F2C063DE3280535037A9E2E552ED2571B26A3629DD211FDC056EE1C0E95DA5546D75FFE39868D2B017E9D23D1F794A42936D6E6E50A778637A8C958BCBCC3856157755ADEB83E65011B008B634737896AAA007B5FCC20876AEBDDE9C11CADF3B76840AE2068EDD60C815AB4F73CCB923D4A446A79E2163853EAAEDCE2BA993F3012A60EB439806625830362E63A2C30687DAF42D7A8F31B51675689D386128B051DE50416E486BA4A081DE15D8975C0547BCA0DEF03FA639F5F51B7D238032E929D710A4930C296850402D226B2085AFA544A85F530230B6154C2ABAF4604E22148AD2F02E8D8C467D5E22D45F537B855940341CC7D8B1EBD8E7E5587A4D3FA6CD44BFEA500B2AB8D3EE17CFD0A0548784C79BC0D4DA18C67AE6357207203679FF8CDF76806E26C4DA84ED1AFB095060D975CE8F4954E12665C2E1EFE9410A71AE1ED04A9B4A3A1B72F688A02287D46320DD500AA01E61F79C50AFCCBA4B05D3E9D4EDC0AE714C3BB083B11EE2D19CB476D254425094F5BC7B2225ACA54AB81868A0254970639D2A9E65BE86B3131841A2E65F72C5B680CE60B657CB5A701BF781F8A242DB27F7341ECE76017F886385B93A3B1291298451EB29FE02262F446318032ADD620204F285EF5E22CA30016B982D1BB8BF6214A43A19F242B8C7A6F2C6E25A99E04BDBA0BADD354F6F8DD1242CD0BD3ED6C648885BB8434EF08495C5B3B31AE5151387D614068181FCC046C44F46630E6ECD3F70726321169BA7885A1BBF30009DFF7145406A025333107254D76979CDB06D2605779B083D05ED4EABFD9866309CBAC151BBA41EB98C35094A689816AB3BEF2CAA56CC19016B64D6C9956DD28D7B4178520E3BA6AD5BC0ED1401C9973694D410DFBC18B7402DD4650864FCE08EE0EB5D18F6F46843DC7B402DBF363BEA042F75EAEDF87D50AA062A79775EAE6509118ED651EEED091E80177E26E174CBF12E6F9BF6FA4762F55401E2B285E28FA905E095A95AF5CC01B2C390EE9C4503A8D207F04698F80F7C4128B401C0E0ED1E545593875B96AC194EC4DAEB372CBCE9017E2F5B8C62AA803D71D48642068DBDD0A342875FD2255AD52D8B6260BC1CFE22B52C0B37355F68CFB044772FEA30C4012C7083702B51B738386DA4396AE7887407874D03CC639B6451D95102AD8D65796210C7DC5AFB7CC02A60B472E8209AB9106B7B864A828CC6C025639A6FEE04105148C16D70D07B4144F7D3D188A12723EA86D2FBA80508E5799644974116306E6596EC416D497614024BD81E90D0B14D0BA1CF58591E1285354D4429F336C0DB38DE5C2A422D46FFF00C2202A55225CA6ADE268F1536665C9DF4842000006D8800A08E27B475A86AE65DB897E1DCB72F568FACAC39B8FD6D041DA8000740FAD8346F1D49552F42002713511EB8B5E2016EDD43C7F51A15EA851E66A1FA7FA902642D307BB98481B5321DF9954AD0CCE0757E60004BA00CFAE625C090680D4E8C27B48A6DBC12A61D165B676A619703000A28E0C1B4511D110557816340D504B2156BFD8970974696BA84809C9CABA540620006DC7C43706521B2FF552EB8A1E47EC60B53DEB25FA4ADE53ABD13109806D33BBB762397383E18616994F269E12588AF22C81401ADB976234733C5DF2CC45AD156C39274280105941D9D4FE0A94067525E3D35C914B7BFA3F105E710016ACA4ED080CBB5486FF00E09580DBA300EF04184B1FDB1012AC762EE58975B613D22950B4A8F151D86E280A08F44BA50BAC1C0800B5D4226A8DDD5CCD5745B9A9503B14683F334325C2618826BD37BCC28573B8305D4EE7F68980228341FCB1D981A0017AE90E4E8302147D323E0258CA0935FC10881247063898C85CBA7F698B0B392DCBD651193933974BF19891CAD5737096F008DB832FE2050855FA71E368D93842D470FEA12997B07E48D386F53F116E11D2DFC402AA19C8B7E6070976BC0FCB18DAB5296F497BD9035AD8EEB1AEB72827268068EB0021B146072CB245E1102526F54A94112033B70F585CAB752C857393DA30276C30F056B159C21A26D1B482016F56BE212855A83C5FF21A668B7C40B03874ADE58005ABD59EC93D9BE3E80140476497B797B200000D828FBD50935120914B5CAA27EA497EC92EEF8E02388FAB02425D91261A720358BB6F682C0002EA698068D91DEC84D8AE3A1BDB28058290F43962A94556D5DE0E3CE14C59A7B4498C0EA0A7DE02E4D767B4B50A2F554668205F12C991E917411CB90FD7AC4155DC3F306A11D522DBEA69311B538BA7EE28841B70D78DE1743BA8F57AC24CDC0CBD88B7788C83CAEEF4843B7543BB50B11DB700F7DE02340A5EA20BC162ABBADDEEC40975BAA58752F3569142E3D14C1E25710049A29B33DE2547542FF992E55691719D773152E2058D85C01DB016EDFCAE841D92E5A3DA327A4797A9BEE2297DD3F981C04E7A93F188F77AE435D6371298051E222A0BD401E08D513D156305A72EBD1071081405081F3F294008682ED18F795088575CD41BF8F440C1EB0900342AA610000552F789046803896E59D673746B135172A99615CE5D5F30725E485A84291B2C8E5D3E2FF1060207090AF443781559524005216594E0FB101035A59FF0EBE952A6A89DC9A001D8952BE85844D0592810154280CFEE10A86ADD6A288116D684F687CC790534D54C2D53C056D5F5A952BFEA6EC74FA33E27CC7FF27FFFD9);

INSERT INTO forum.tags (tag_id, name) VALUES (1, 'funny');
INSERT INTO forum.tags (tag_id, name) VALUES (2, 'exciting');
INSERT INTO forum.tags (tag_id, name) VALUES (3, 'shocking');
INSERT INTO forum.tags (tag_id, name) VALUES (4, 'amazing');
INSERT INTO forum.tags (tag_id, name) VALUES (5, 'wild');

INSERT INTO forum.admins (admin_id, user_id) VALUES (1, 1);
INSERT INTO forum.admins (admin_id, user_id) VALUES (2, 2);
INSERT INTO forum.admins (admin_id, user_id) VALUES (3, 3);


INSERT INTO forum.admins_phone_numbers (admin_id, phone_number) VALUES (1, '0899999999');
INSERT INTO forum.admins_phone_numbers (admin_id, phone_number)VALUES (2, '0877777777');
INSERT INTO forum.admins_phone_numbers (admin_id, phone_number) VALUES (3, '0888888888');

INSERT INTO forum.posts (post_id, created_by, title, content, likes, date_and_time_of_creation) VALUES (1, 1, 'Hello', 'Hello World', 3, '2024-01-14 23:12:26');
INSERT INTO forum.posts (post_id, created_by, title, content, likes, date_and_time_of_creation) VALUES (2, 2, 'Hola', 'Que passa amigos', 2, '2024-01-16 23:12:20');
INSERT INTO forum.posts (post_id, created_by, title, content, likes, date_and_time_of_creation) VALUES (3, 3, 'Zdrastvuite ribqta', 'Kak delate druzq', 4, '2024-01-20 23:14:02');
INSERT INTO forum.posts (post_id, created_by, title, content, likes, date_and_time_of_creation) VALUES (4, 5, 'gotin forum', 'Tozi forum e strahoten !!!', 3, '2024-01-17 23:15:19');
INSERT INTO forum.posts (post_id, created_by, title, content, likes, date_and_time_of_creation) VALUES (5, 7, 'obicham telerik', 'Nai - dobrite !!!', 8, '2024-01-18 23:15:34');
INSERT INTO forum.posts (post_id, created_by, title, content, likes, date_and_time_of_creation) VALUES (6, 7, 'telerik me obicha', 'Normalno !', 1, '2024-01-18 23:15:41');

INSERT INTO forum.posts_tags (post_id, tag_id) VALUES (1, 1);
INSERT INTO forum.posts_tags (post_id, tag_id) VALUES (1, 2);
INSERT INTO forum.posts_tags (post_id, tag_id) VALUES (3, 4);
INSERT INTO forum.posts_tags (post_id, tag_id) VALUES (2, 5);
INSERT INTO forum.posts_tags (post_id, tag_id) VALUES (5, 1);

INSERT INTO forum.comments (comment_id, post_id, created_by, comment) VALUES (1, 1, 2, 'Hello Alex');
INSERT INTO forum.comments (comment_id, post_id, created_by, comment) VALUES (2, 1, 3, 'Hi Alex');
INSERT INTO forum.comments (comment_id, post_id, created_by, comment) VALUES (3, 2, 1, 'Bien amigo');
INSERT INTO forum.comments (comment_id, post_id, created_by, comment) VALUES (4, 2, 3, 'Mucho gusto');
INSERT INTO forum.comments (comment_id, post_id, created_by, comment) VALUES (5, 4, 1, 'Blagodarq !');
INSERT INTO forum.comments (comment_id, post_id, created_by, comment) VALUES (6, 5, 2, 'Smqtam znaesh !');
INSERT INTO forum.comments (comment_id, post_id, created_by, comment) VALUES (7, 3, 1, 'Privet bratan');
INSERT INTO forum.comments (comment_id, post_id, created_by, comment) VALUES (8, 3, 2, 'Ochen horosho');

INSERT INTO forum.likes (user_id, post_id) VALUES (1, 1);
INSERT INTO forum.likes (user_id, post_id) VALUES (2, 1);
INSERT INTO forum.likes (user_id, post_id) VALUES (3, 1);
INSERT INTO forum.likes (user_id, post_id) VALUES (3, 3);
INSERT INTO forum.likes (user_id, post_id) VALUES (4, 3);
INSERT INTO forum.likes (user_id, post_id) VALUES (6, 3);
INSERT INTO forum.likes (user_id, post_id) VALUES (7, 5);
INSERT INTO forum.likes (user_id, post_id) VALUES (5, 1);